"タイプ","TEXT","メモ","アクティブ","デフォルト","除外","作成日時","更新日時"
"ASIN","4865312285","テスト購入なしの偽造品","true","false","false","2023-03-02 21:02:54","2024-07-16 22:33:52"
"ASIN","B08M5FWQHB","商標の不正使用(Nintendo)","true","false","false","2023-03-02 21:03:40","2023-05-22 01:57:34"
"BRAND","POSCA","商標の不正使","true","false","false","2023-03-02 21:04:10","2025-08-02 09:14:19"
"BRAND","Jabra","知財","true","false","false","2023-03-13 00:54:58","2023-03-13 00:54:58"
"ASIN","B07ZCPHH6W","専用BOX無","true","false","false","2023-03-13 06:01:40","2023-03-13 06:01:40"
"BRAND","Sennheiser","知財","true","false","false","2023-03-17 02:47:24","2024-05-03 08:00:59"
"BRAND","Beats","知財","true","false","false","2023-03-17 02:47:51","2023-03-17 02:47:51"
"ASIN","B00G8Y4ZJE","知財疑い","true","false","false","2023-03-22 05:09:14","2023-03-22 05:09:14"
"ASIN","B000EBFWY4","知財　Naniwa","true","false","false","2023-03-23 20:21:44","2024-05-15 04:02:02"
"ASIN","B001TPACNU","知財　Naniwa","true","false","false","2023-03-23 20:23:01","2023-03-23 20:23:01"
"ASIN","B001O2VIO0","知財　Naniwa","true","false","false","2023-03-23 20:28:54","2023-03-23 20:28:54"
"ASIN","B001O2VHM8","知財　Naniwa","true","false","false","2023-03-23 20:29:04","2023-03-23 20:29:04"
"ASIN","B001NY87D4","知財　Naniwa","true","false","false","2023-03-23 20:29:18","2023-03-23 20:29:18"
"ASIN","B001NYA4H6","知財　Naniwa","true","false","false","2023-03-23 20:29:31","2023-03-23 20:29:31"
"BRAND","Naniwa","知財　Naniwa ナニワ研磨工業","true","false","false","2023-03-23 20:30:25","2023-03-29 06:15:23"
"BRAND","Naniwa Abrasive Mfg","知財　Naniwa ナニワ研磨工業","true","false","false","2023-03-23 20:35:00","2023-03-23 20:35:00"
"BRAND","YOSHIKAWA","知財","true","false","false","2023-03-24 08:20:54","2023-03-24 08:20:54"
"BRAND","HASEGAWA","知財","true","false","false","2023-03-24 08:21:53","2023-03-24 08:21:53"
"BRAND","ICHIRAN","知財","true","false","false","2023-03-24 08:22:03","2023-03-24 08:22:03"
"BRAND","SHAPTON","知財","true","false","false","2023-03-24 08:22:14","2023-03-24 08:22:14"
"BRAND","CHOSERA","知財","true","false","false","2023-03-24 08:22:41","2023-03-24 08:22:41"
"BRAND","SHIMAMOURA KIHAN","知財　下村企販（しまむら）","true","false","false","2023-03-24 08:22:57","2023-03-29 06:17:51"
"BRAND","SHIMAMOURA","知財","true","false","false","2023-03-24 08:23:03","2023-03-24 08:23:03"
"BRAND","SHIMAMOURAKIHAN","知財","true","false","false","2023-03-24 08:23:12","2023-03-25 01:31:10"
"ASIN","B086YW3PKM","AKAI","true","false","false","2023-03-24 09:43:30","2023-03-24 09:43:30"
"ASIN","B07DLT4FQY","Logitubo","true","false","false","2023-03-24 09:44:30","2023-03-24 09:45:06"
"BRAND","HARAC","知財　長谷川刃物","true","false","false","2023-03-25 01:30:38","2023-03-25 01:31:15"
"BRAND","Logitubo","知財　Logitubo","true","false","false","2023-03-25 01:39:12","2023-03-25 01:39:12"
"BRAND","AKAI","知財　AKAI","true","false","false","2023-03-25 01:41:01","2023-03-25 01:41:01"
"BRAND","ナニワ研磨工業","知財","true","false","false","2023-03-29 06:12:24","2023-03-29 06:12:24"
"ASIN","B001TPE2CC","知財　Chosera（ナニワ研磨工業）","true","false","false","2023-03-29 06:15:29","2023-03-29 06:15:29"
"BRAND","下村企販","知財　下村企販（しまむら）","true","false","false","2023-03-29 06:17:53","2023-03-29 06:17:53"
"ASIN","B00HSFY58S","商品規約の遵守 BALMUDA","true","false","false","2023-04-07 02:20:26","2023-04-07 02:20:26"
"ASIN","B000FQUDLU","輸出不可","true","false","false","2023-04-10 02:46:43","2023-04-10 02:46:43"
"ASIN","B003UHFOCY","輸出不可　油","true","false","false","2023-04-10 02:47:21","2023-04-10 02:47:21"
"ASIN","B00C3O0SW6","制限対象","true","false","false","2023-04-20 00:48:47","2023-04-20 00:48:47"
"BRAND","vittoria","ブランド警告 封書","true","false","false","2023-04-26 22:33:16","2023-04-26 22:33:16"
"ASIN","B001YSSK72","Seki EDGE","true","false","false","2023-05-01 02:28:06","2023-05-01 02:29:29"
"BRAND","Seki EDGE","Seki EDGE","true","false","false","2023-05-01 02:28:17","2023-05-01 02:28:17"
"ASIN","B0949SBCC5","送料オーバー","true","false","false","2023-05-04 00:52:57","2023-05-04 00:52:57"
"BRAND","Sunstar","知財","true","false","false","2023-05-04 03:09:52","2023-05-04 03:09:52"
"BRAND","Sun-Star","知財","true","false","false","2023-05-04 03:09:58","2023-05-04 03:09:58"
"BRAND","MTG","知財","true","false","false","2023-05-04 03:10:19","2023-05-04 03:10:19"
"BRAND","Nissan","知財","true","false","false","2023-05-04 03:10:26","2023-05-04 03:10:26"
"BRAND","Nissan","知財","true","false","false","2023-05-04 03:10:48","2023-05-04 03:10:48"
"ASIN","B08NDBQM5W","送料オーバー","true","false","false","2023-05-05 06:00:52","2023-05-05 06:00:52"
"ASIN","B07ZCPJ2B8","真贋疑惑","true","false","false","2023-05-08 22:38:16","2023-05-08 22:38:16"
"ASIN","B014F1AH8Y","Disneyロゴ","true","false","false","2023-05-09 00:52:44","2023-05-09 00:52:44"
"ASIN","B082XVR52H","送料オーバー","true","false","false","2023-05-12 07:20:00","2023-05-12 07:20:00"
"ASIN","B09GS384GQ","送料オーバー","true","false","false","2023-05-12 07:21:45","2023-05-12 07:21:45"
"BRAND","GLESTAIN","要許可？","true","false","false","2023-05-16 05:31:56","2023-05-16 05:31:56"
"ASIN","B0016Y5UJA","GLESTAIN","true","false","false","2023-05-16 05:33:32","2023-05-16 05:33:32"
"ASIN","B001TPC7EC","GLESTAIN","true","false","false","2023-05-16 05:33:38","2023-05-16 05:33:38"
"ASIN","B001TPFQVI","GLESTAIN","true","false","false","2023-05-16 05:33:44","2023-05-16 05:33:44"
"BRAND","NUARL","NUARL知財","true","false","false","2023-05-16 06:22:29","2023-05-16 06:22:29"
"ASIN","B096F32L8R","NUARL知財","true","false","false","2023-05-16 06:22:45","2023-05-16 06:22:45"
"ASIN","B00JIJ0MQG","CASIO 箱なし","true","false","false","2023-05-17 00:20:32","2023-05-17 00:20:32"
"ASIN","B00THQ0EYA","制限対象","true","false","false","2023-05-17 01:21:11","2023-05-17 01:21:11"
"ASIN","B00G0NYS4U","制限対象","true","false","false","2023-05-17 01:21:21","2023-05-17 01:21:21"
"ASIN","B00EQ1J884","制限対象","true","false","false","2023-05-17 01:37:20","2023-05-17 01:37:20"
"ASIN","B00EQ1ALQW","制限対象","true","false","false","2023-05-17 01:37:23","2023-05-17 01:37:23"
"BRAND","Otamatone","CUBE","true","false","false","2023-05-17 05:34:38","2023-05-17 05:34:38"
"BRAND","CUBE","Otamatone","true","false","false","2023-05-17 05:34:47","2023-05-17 05:34:47"
"BRAND","Anello","Anello","true","false","false","2023-05-17 05:35:33","2023-05-17 05:35:33"
"BRAND","ANEX","ANEX","true","false","false","2023-05-17 05:35:43","2023-05-17 05:35:43"
"BRAND","Anker","Anker","true","false","false","2023-05-17 05:35:51","2023-05-17 05:35:51"
"BRAND","Audio-Technica","Audio-Technica","true","false","false","2023-05-17 05:36:04","2023-05-17 05:36:04"
"BRAND","Beverly","Beverly","true","false","false","2023-05-17 05:36:33","2023-05-17 05:36:33"
"BRAND","Bluedio","Bluedio","true","false","false","2023-05-17 05:36:41","2023-05-17 05:36:41"
"BRAND","Butterfly","知財","true","false","false","2023-05-17 05:37:13","2023-05-17 05:37:13"
"BRAND","Canary","知財","true","false","false","2023-05-17 05:37:21","2023-05-17 05:37:21"
"BRAND","Chroma","知財","true","false","false","2023-05-17 05:37:34","2023-05-17 05:37:34"
"BRAND","Citizen","知財","true","false","false","2023-05-17 05:37:44","2023-05-17 05:37:44"
"BRAND","Colorata","知財","true","false","false","2023-05-17 05:37:52","2023-05-17 05:37:52"
"BRAND","Copic","知財","true","false","false","2023-05-17 05:37:56","2023-05-17 05:37:56"
"BRAND","Disney","知財","true","false","false","2023-05-17 05:38:08","2023-05-17 05:38:08"
"BRAND","Donner","知財","true","false","false","2023-05-17 05:38:14","2023-05-17 05:38:14"
"BRAND","Electro-Harmonix","知財","true","false","false","2023-05-17 05:38:21","2023-05-17 05:38:21"
"BRAND","EZON","知財","true","false","false","2023-05-17 05:38:37","2023-05-17 05:38:37"
"BRAND","FEATHER","知財","true","false","false","2023-05-17 05:39:24","2023-05-17 05:39:24"
"BRAND","Fotopro","知財","true","false","false","2023-05-17 05:39:37","2023-05-17 05:39:37"
"BRAND","GLOBAL","知財","true","false","false","2023-05-17 05:39:44","2023-05-17 05:39:44"
"BRAND","Guzzini","知財","true","false","false","2023-05-17 05:39:52","2023-05-17 05:39:52"
"BRAND","Hammond","知財","true","false","false","2023-05-17 05:39:56","2023-05-17 05:39:56"
"BRAND","Hasegawa Cutlery","知財","true","false","false","2023-05-17 05:40:07","2023-05-17 05:40:07"
"BRAND","havit","知財","true","false","false","2023-05-17 05:40:15","2023-05-17 05:40:15"
"BRAND","Helinox","知財","true","false","false","2023-05-17 05:40:22","2023-05-17 05:40:22"
"BRAND","Holbein","知財","true","false","false","2023-05-17 05:40:31","2023-05-17 05:40:31"
"BRAND","Homestar","知財","true","false","false","2023-05-17 05:40:39","2023-05-17 05:40:39"
"BRAND","HUAWEI","知財","true","false","false","2023-05-17 05:40:44","2023-05-17 05:40:44"
"BRAND","Intel","知財","true","false","false","2023-05-17 05:40:52","2023-05-17 05:40:52"
"BRAND","JapanBargain US","知財","true","false","false","2023-05-17 05:40:57","2023-05-17 05:40:57"
"BRAND","JBL","知財","true","false","false","2023-05-17 05:41:01","2023-05-17 05:41:01"
"BRAND","Jico","知財","true","false","false","2023-05-17 05:41:05","2023-05-17 05:41:05"
"BRAND","KAKURI","知財","true","false","false","2023-05-17 05:41:15","2023-05-17 05:41:15"
"BRAND","Kao","知財","true","false","false","2023-05-17 05:41:20","2023-05-17 05:41:20"
"BRAND","katia","知財","true","false","false","2023-05-17 05:41:24","2023-05-17 05:41:24"
"BRAND","katia beni","知財","true","false","false","2023-05-17 05:41:29","2023-05-17 05:41:29"
"BRAND","Kitpas","知財","true","false","false","2023-05-17 05:41:34","2023-05-17 05:41:34"
"BRAND","kokubo","知財","true","false","false","2023-05-17 05:41:41","2023-05-17 05:41:41"
"BRAND","Konus","知財","true","false","false","2023-05-17 05:41:47","2023-05-17 05:41:47"
"BRAND","Kuretake","知財","true","false","false","2023-05-17 05:42:04","2023-05-17 05:42:04"
"BRAND","呉竹","知財","true","false","false","2023-05-17 05:42:13","2023-05-17 05:42:13"
"BRAND","Legacy","知財","true","false","false","2023-05-17 05:42:21","2023-05-17 05:42:21"
"BRAND","LEIFHEIT","知財","true","false","false","2023-05-17 05:42:25","2023-05-17 05:42:25"
"BRAND","LG","知財","true","false","false","2023-05-17 05:42:30","2023-05-17 05:42:30"
"BRAND","Logitech","知財","true","false","false","2023-05-17 05:42:34","2023-05-17 05:42:34"
"BRAND","LYNN RAMOS","知財","true","false","false","2023-05-17 05:42:39","2023-05-17 05:42:39"
"BRAND","Marmo printing","知財","true","false","false","2023-05-17 05:42:43","2023-05-17 05:42:43"
"BRAND","Marvel","知財","true","false","false","2023-05-17 05:42:48","2023-05-17 05:42:48"
"BRAND","MASAMOTO","知財","true","false","false","2023-05-17 05:42:52","2023-05-17 05:42:52"
"BRAND","Maxon","知財","true","false","false","2023-05-17 05:42:59","2023-05-17 05:42:59"
"BRAND","mercedes","知財","true","false","false","2023-05-17 05:43:07","2023-05-17 05:43:07"
"BRAND","ReFa","知財","true","false","false","2023-05-17 05:43:21","2023-05-17 05:43:21"
"BRAND","Muji","知財","true","false","false","2023-05-17 05:43:45","2023-05-17 05:43:45"
"BRAND","NIXON","知財","true","false","false","2023-05-17 05:43:54","2023-05-17 05:43:54"
"BRAND","Noppoo","知財","true","false","false","2023-05-17 05:43:59","2023-05-17 05:43:59"
"BRAND","OLFA","知財","true","false","false","2023-05-17 05:44:03","2023-05-17 05:44:03"
"BRAND","Olympus","知財","true","false","false","2023-05-17 05:44:07","2023-05-17 05:44:07"
"BRAND","Omron","知財","true","false","false","2023-05-17 05:44:13","2023-05-17 05:44:13"
"BRAND","ONAO","知財","true","false","false","2023-05-17 05:44:20","2023-05-17 05:44:20"
"BRAND","OneTigris","知財","true","false","false","2023-05-17 05:44:27","2023-05-17 05:44:27"
"BRAND","Orange","知財","true","false","false","2023-05-17 05:44:31","2023-05-17 05:44:31"
"BRAND","Pelican","知財","true","false","false","2023-05-17 05:44:38","2023-05-17 05:44:38"
"BRAND","Philips","知財","true","false","false","2023-05-17 05:44:42","2023-05-17 05:44:42"
"BRAND","Plemo","知財","true","false","false","2023-05-17 05:44:52","2023-05-17 05:44:52"
"BRAND","Purebble","知財","true","false","false","2023-05-17 05:44:58","2023-05-17 05:44:58"
"BRAND","Razer","知財","true","false","false","2023-05-17 05:45:02","2023-05-17 05:45:02"
"BRAND","RECMOUNTS","知財","true","false","false","2023-05-17 05:45:08","2023-05-17 05:45:08"
"BRAND","Sanrio","知財","true","false","false","2023-05-17 05:45:15","2025-06-21 23:19:13"
"BRAND","Schlagwerk","知財","true","false","false","2023-05-17 05:45:20","2023-05-17 05:45:20"
"BRAND","Schleich","知財","true","false","false","2023-05-17 05:45:26","2023-05-17 05:45:26"
"BRAND","SIDARDOE","知財","true","false","false","2023-05-17 05:45:44","2023-05-17 05:45:44"
"BRAND","SILKY","知財","true","false","false","2023-05-17 05:45:56","2023-05-17 05:45:56"
"BRAND","SOL REPUBLIC","知財","true","false","false","2023-05-17 05:46:04","2023-05-17 05:46:04"
"BRAND","SteelSeries","知財","true","false","false","2023-05-17 05:46:13","2023-05-17 05:46:13"
"BRAND","Sun Joe","知財","true","false","false","2023-05-17 05:46:17","2023-05-17 05:46:17"
"BRAND","SUREFIRE","知財","true","false","false","2023-05-17 05:46:24","2023-05-17 05:46:24"
"BRAND","suzuki","知財","true","false","false","2023-05-17 05:46:28","2023-05-17 05:46:28"
"BRAND","SUZUKI MUSIC","知財","true","false","false","2023-05-17 05:46:36","2023-05-17 05:46:36"
"BRAND","TAMANOHADA","知財","true","false","false","2023-05-17 05:46:45","2023-05-17 05:46:45"
"BRAND","TASCAM","知財","true","false","false","2023-05-17 05:46:50","2023-05-17 05:46:50"
"BRAND","Tojiro","知財","true","false","false","2023-05-17 05:46:57","2023-05-17 05:46:57"
"BRAND","Tombow","知財","true","false","false","2023-05-17 05:47:01","2023-05-17 05:47:01"
"BRAND","TOP","知財","true","false","false","2023-05-17 05:47:05","2023-05-17 05:47:05"
"BRAND","TOP工業","知財","true","false","false","2023-05-17 05:47:09","2023-05-17 05:47:09"
"BRAND","Vess","知財","true","false","false","2023-05-17 05:47:17","2023-05-17 05:47:17"
"BRAND","wave","知財","true","false","false","2023-05-17 05:47:21","2023-05-17 05:47:21"
"BRAND","XVive","知財","true","false","false","2023-05-17 05:47:28","2023-05-17 05:47:28"
"BRAND","キットパス","知財","true","false","false","2023-05-17 05:47:42","2023-05-17 05:47:42"
"BRAND","日本理化学","知財","true","false","false","2023-05-17 05:47:47","2023-05-17 05:47:47"
"ASIN","B00ZZ70KMG","ピンポイント","true","false","false","2023-05-17 05:48:42","2023-05-17 05:48:42"
"ASIN","B005Q4LU1I","ピンポイント","true","false","false","2023-05-17 05:48:46","2023-05-17 05:48:46"
"ASIN","B00ECVA84Q","ピンポイント","true","false","false","2023-05-17 05:48:54","2023-05-17 05:48:54"
"ASIN","B01GFKOG3U","ピンポイント","true","false","false","2023-05-17 05:48:58","2023-05-17 05:48:58"
"ASIN","B009YZ8IEW","ピンポイント","true","false","false","2023-05-17 05:49:02","2023-05-17 05:49:02"
"ASIN","B00LP0FF3Q","ピンポイント","true","false","false","2023-05-17 05:49:09","2023-05-17 05:49:09"
"ASIN","B07C5BZ97G","ピンポイント","true","false","false","2023-05-17 05:49:13","2023-05-17 05:49:13"
"ASIN","B07C5K81F5","ピンポイント","true","false","false","2023-05-17 05:49:18","2023-05-17 05:49:18"
"ASIN","B07C5CQJ44","ピンポイント","true","false","false","2023-05-17 05:49:23","2023-05-17 05:49:23"
"ASIN","B00CL26MA2","ピンポイント","true","false","false","2023-05-17 05:49:27","2023-05-17 05:49:27"
"ASIN","B0759DV5R5","ピンポイント","true","false","false","2023-05-17 05:49:34","2023-05-17 05:49:34"
"ASIN","B07BB59942","ピンポイント","true","false","false","2023-05-17 05:49:39","2023-05-17 05:49:39"
"ASIN","B001FBPC06","ピンポイント","true","false","false","2023-05-17 05:49:44","2023-05-17 05:49:44"
"ASIN","B00HL2DH78","ピンポイント","true","false","false","2023-05-17 05:49:49","2023-05-17 05:49:49"
"ASIN","B00SNJEP0Q","ピンポイント","true","false","false","2023-05-17 05:49:55","2023-05-17 05:49:55"
"ASIN","B009PQB0KE","ピンポイント","true","false","false","2023-05-17 05:49:59","2023-05-17 05:49:59"
"ASIN","B0015S0VN2","ピンポイント","true","false","false","2023-05-17 05:50:05","2023-05-17 05:50:05"
"ASIN","B0000A33LJ","ピンポイント","true","false","false","2023-05-17 05:50:09","2023-05-17 05:50:09"
"ASIN","B0006A03UG","ピンポイント","true","false","false","2023-05-17 05:50:14","2023-05-17 05:50:14"
"ASIN","B00MDZXNKE","ピンポイント","true","false","false","2023-05-17 05:50:19","2023-05-17 05:50:19"
"ASIN","B00MDZXOZ8","ピンポイント","true","false","false","2023-05-17 05:50:25","2023-05-17 05:50:25"
"ASIN","B00MDZXLQU","ピンポイント","true","false","false","2023-05-17 05:50:29","2023-05-17 05:50:29"
"ASIN","B0079AWNBS","ピンポイント","true","false","false","2023-05-17 05:50:33","2023-05-17 05:50:33"
"ASIN","B00KH09Q5S","ピンポイント","true","false","false","2023-05-17 05:50:38","2023-05-17 05:50:38"
"ASIN","B0071GZXQC","ピンポイント","true","false","false","2023-05-17 05:50:43","2023-05-17 05:50:43"
"ASIN","B07Z843W35","ピンポイント","true","false","false","2023-05-17 05:50:49","2023-05-17 05:50:49"
"ASIN","B001PLMY7A","ピンポイント","true","false","false","2023-05-17 05:50:55","2023-05-17 05:50:55"
"ASIN","B073XHZZ1W","ピンポイント","true","false","false","2023-05-17 05:51:15","2023-05-17 05:51:15"
"ASIN","B087P4BQ74","ピンポイント","true","false","false","2023-05-17 05:51:20","2023-05-17 05:51:20"
"ASIN","B088R59QTJ","ピンポイント","true","false","false","2023-05-17 05:51:24","2023-05-17 05:51:24"
"ASIN","B004D2GCR6","ピンポイント","true","false","false","2023-05-17 05:51:28","2023-05-17 05:51:28"
"ASIN","B006CQQO56","ピンポイント","true","false","false","2023-05-17 05:51:33","2023-05-17 05:51:33"
"ASIN","B00C7G6JQE","ピンポイント","true","false","false","2023-05-17 05:51:37","2023-05-17 05:51:37"
"ASIN","B078NS6SVY","ピンポイント","true","false","false","2023-05-17 05:51:42","2023-05-17 05:51:42"
"ASIN","B002PEX5OC","商標ロゴ(Nintendo)","true","false","false","2023-05-22 01:55:57","2023-05-22 01:57:39"
"ASIN","B01KPI52QS","商標ロゴ(Star Wars)","true","false","false","2023-05-22 01:56:38","2023-05-22 01:56:38"
"ASIN","B07KYN9LCN","商標ロゴ(Shimano)","true","false","false","2023-05-22 01:57:19","2023-05-22 01:57:19"
"ASIN","B0B7NBXWDV","テスト購入しの偽造品(1MORE)","true","false","false","2023-05-22 01:59:08","2023-05-22 01:59:08"
"BRAND","1MORE","メーカー直売(1MORE USA Inc)","true","false","false","2023-05-22 01:59:35","2023-05-22 01:59:35"
"ASIN","B071ZRXD85","制限対象の規約違反","true","false","false","2023-05-22 02:01:03","2023-05-22 02:01:03"
"ASIN","B01JH0LOAI","制限対象の規約違反(Tenga)","true","false","false","2023-05-22 02:02:49","2023-05-22 02:02:49"
"ASIN","B00566IKY6","制限対象の規約違反(HKS)","true","false","false","2023-05-22 02:03:31","2023-05-22 02:03:31"
"ASIN","B00MM0L10O","制限対象の規約違反(HKS)","true","false","false","2023-05-22 02:03:53","2023-05-22 02:03:53"
"BRAND","HKS","制限対象","true","false","false","2023-05-22 02:04:38","2023-05-22 02:04:38"
"ASIN","B003CJFU56","CASIO 逆輸入","true","false","false","2023-05-26 05:14:06","2023-05-26 05:14:06"
"ASIN","B001K80B2S","商標の不正使用(Panasonic)","true","false","false","2023-06-08 08:40:21","2023-06-08 08:40:21"
"ASIN","B07DTDHP7Q","送料オーバー","true","false","false","2023-06-12 05:22:04","2023-06-12 05:22:04"
"ASIN","B07SQ4FWDG","要SDS","true","false","false","2023-06-12 05:51:32","2023-06-12 05:52:30"
"ASIN","B07STV6TVQ","要SDS","true","false","false","2023-06-12 05:52:52","2023-06-12 05:52:52"
"ASIN","B0BKFFYJCR","商標侵害疑い Super Mario","true","false","false","2023-06-13 00:11:01","2023-08-03 04:21:41"
"ASIN","B005X4RB14","制限対象 ミノキシジル","true","false","false","2023-06-13 00:11:36","2023-06-13 00:13:41"
"ASIN","B014KIXOX2","送料オーバー","true","false","false","2023-06-14 01:10:06","2023-06-14 01:10:06"
"ASIN","B097NK1KKT","送料オーバー","true","false","false","2023-06-14 01:41:52","2023-06-14 01:41:52"
"ASIN","B000UEO9ZS","送料オーバー","true","false","false","2023-06-14 01:42:22","2023-06-14 01:42:22"
"ASIN","B00UHRY5ZC","商標の不正使用(Wii U)","true","false","false","2023-06-18 06:43:29","2023-06-18 06:43:29"
"BRAND","Oladance","メーカー直 Oladance 権利侵害","true","false","false","2023-06-20 06:08:26","2023-06-20 06:08:26"
"ASIN","B00ZVTWBXY","制限対象（武器として認定）","true","false","false","2023-06-26 01:31:03","2023-06-26 04:03:05"
"ASIN","B07F3861V9","商品不正使用の疑い(Bandai)","true","false","false","2023-06-26 09:14:46","2023-06-26 09:14:46"
"BRAND","Herdio","メーカー直売","true","false","false","2023-07-02 07:06:02","2023-07-02 07:06:02"
"ASIN","B001L64D4Q","制限対象 ミノキシジル","true","false","false","2023-07-02 23:14:55","2023-07-02 23:14:55"
"BRAND","LebeL","制限対象成分 ミノキシジル配合製品","true","false","false","2023-07-02 23:17:46","2023-07-02 23:17:46"
"ASIN","B01H1K09TI","Transparency","true","false","false","2023-07-05 22:44:03","2023-07-05 22:44:03"
"ASIN","B07D1H7CW3","送料オーバー","true","false","false","2023-07-07 02:37:39","2023-07-07 02:37:39"
"ASIN","B002LAS07W","逆輸入品 箱なし","true","false","false","2023-07-10 02:36:11","2023-07-10 02:36:11"
"ASIN","B06X91JJQS","送料オーバー","true","false","false","2023-07-12 02:51:25","2023-07-12 02:51:25"
"ASIN","B09GHVX4YF","送料オーバー","true","false","false","2023-07-25 00:37:25","2023-07-25 00:37:25"
"BRAND","Roland","Rolandメーカーより直接通知あり","true","false","false","2023-07-31 02:17:47","2023-07-31 02:17:47"
"BRAND","BOSS","Rolandメーカーより直接通知あり","true","false","false","2023-07-31 02:17:54","2023-07-31 02:17:54"
"ASIN","B00F27JJX0","商標の不正使用(Playstation)","true","false","false","2023-08-21 22:01:58","2023-08-21 22:01:58"
"ASIN","B007GE5X7S","LEGO 並行品","true","false","false","2023-08-25 05:42:46","2023-08-25 05:42:46"
"ASIN","B07BLDTWW1","LEGO 並行品","true","false","false","2023-08-25 05:43:00","2023-08-25 05:43:00"
"BRAND","ROXON","メーカー直売","true","false","false","2023-09-10 06:30:17","2023-09-10 06:30:17"
"BRAND","NIKKO KASEI","知財","true","false","false","2023-09-11 08:47:19","2023-09-11 08:47:19"
"BRAND","Nikko Kasei","ニッコー化成","true","false","false","2023-09-19 22:52:05","2023-09-19 22:52:05"
"ASIN","B0797BS6N1","SHIMANO コンプライアンス","true","false","false","2023-09-23 03:32:55","2023-09-23 03:32:55"
"ASIN","B00NEZDV0E","SHIMANO コンプライアンス","true","false","false","2023-09-23 03:32:58","2023-09-23 03:32:58"
"ASIN","B001EQ649A","Cross コンプライアンス","true","false","false","2023-09-26 21:55:29","2023-09-26 21:55:29"
"ASIN","B07HC2F97Q","FCC不明","true","false","false","2023-09-26 22:00:52","2023-09-26 22:00:52"
"BRAND","Mystery Ranch","メーカー直売","true","false","false","2023-09-29 01:39:47","2023-09-29 01:40:17"
"BRAND","Mystery","メーカー直売","true","false","false","2023-09-29 01:40:00","2023-09-29 01:40:15"
"ASIN","B01C7FQKL8","テスト購入なしの偽造品","true","false","false","2023-09-29 01:41:57","2023-09-29 01:41:57"
"BRAND","OLEVS","時計メーカー","true","false","false","2023-09-30 06:57:14","2023-09-30 06:57:14"
"BRAND","MUBYE","権利者販売","true","false","false","2023-10-01 08:20:36","2023-10-01 08:20:36"
"BRAND","Mionix","メーカー直売","true","false","false","2023-10-05 01:46:31","2024-05-16 03:28:44"
"ASIN","B00H3ZZWFI","知財","true","false","false","2023-10-06 13:17:56","2023-10-06 13:17:56"
"BRAND","Xplus","知財","true","false","false","2023-10-07 04:30:20","2023-10-07 04:30:20"
"BRAND","Windsor","知財","true","false","false","2023-10-07 11:58:33","2023-10-07 11:58:33"
"BRAND","Winsor & Newton","知財","true","false","false","2023-10-07 11:59:23","2023-10-07 11:59:23"
"BRAND","Winsor","知財","true","false","false","2023-10-07 12:00:34","2023-10-07 12:00:34"
"BRAND","nismo","知財","true","false","false","2023-10-07 12:01:41","2023-10-07 12:01:41"
"ASIN","B07N27CTXF","知財","true","false","false","2023-10-07 12:05:12","2023-10-07 12:05:12"
"ASIN","B0BQM7YR85","知財","true","false","false","2023-10-07 12:05:19","2023-10-07 12:05:19"
"ASIN","B000PD3M02","知財","true","false","false","2023-10-07 12:05:27","2023-10-07 12:05:27"
"ASIN","B000PD3LZS","知財","true","false","false","2023-10-07 12:05:36","2023-10-07 12:05:36"
"ASIN","B00ZP8URVO","知財","true","false","false","2023-10-07 12:05:47","2023-10-07 12:05:47"
"ASIN","B00ZP8TUYE","知財","true","false","false","2023-10-07 12:05:56","2023-10-07 12:05:56"
"ASIN","B00133A19S","知財","true","false","false","2023-10-07 12:06:04","2023-10-07 12:06:04"
"ASIN","B000PDLZS","Windsor","true","false","false","2023-10-09 05:36:22","2023-10-09 05:36:22"
"BRAND","Winsor＆Newton","知財","true","false","false","2023-10-09 05:38:56","2023-10-09 05:38:56"
"ASIN","B000PD3M2U","Winsor & Newton","true","false","false","2023-10-09 06:42:32","2023-10-09 06:42:32"
"ASIN","B000FQR8BI","食品系","true","false","false","2023-10-09 06:43:08","2023-10-09 06:43:08"
"ASIN","B000FTADPS","サプリ系","true","false","false","2023-10-09 06:43:42","2023-10-09 06:43:42"
"ASIN","B001HPIJBO","真贋Maruto Hasegawa","true","false","false","2023-10-10 06:33:44","2023-10-10 06:33:44"
"BRAND","Maruto Hasegawa","真贋　Maruto Hasegawa","true","false","false","2023-10-10 06:33:54","2023-10-10 06:33:54"
"ASIN","4087925528","真贋","true","false","false","2023-10-10 06:34:13","2023-10-10 06:34:13"
"ASIN","B000WN6QAI","真贋 TAMIYA","true","false","false","2023-10-10 06:34:40","2023-10-10 06:34:40"
"ASIN","B01GHBQ7XY","商標不正","true","false","false","2023-10-14 00:52:38","2023-10-14 00:52:38"
"ASIN","B01E56TWPS","商標不正","true","false","false","2023-10-14 00:52:47","2023-10-14 00:52:47"
"ASIN","B07GNSMPT2","Abu Garcia","true","false","false","2023-10-18 02:09:13","2023-10-18 02:09:13"
"ASIN","B0BGM787KV","Abu Garcia","true","false","false","2023-10-18 02:09:41","2023-10-18 02:09:41"
"ASIN","B0BGM5F5NK","Abu Garcia","true","false","false","2023-10-18 02:10:11","2023-10-18 02:10:11"
"ASIN","B07BLDTWVW","LEGO Harry Potter","true","false","false","2023-10-23 03:29:51","2023-10-23 03:29:51"
"ASIN","B07SW167ZL","SEIKO 並行品","true","false","false","2023-10-28 01:05:03","2023-10-28 01:05:03"
"BRAND","SHISEIDO","FDA関係","true","false","false","2023-10-28 03:08:23","2023-10-28 03:28:40"
"BRAND","SK-II","FDA関係","true","false","false","2023-10-28 03:09:24","2023-10-28 03:28:34"
"ASIN","B01DZM9QJK","FDA関係","true","false","false","2023-10-28 03:11:43","2023-10-28 03:29:08"
"ASIN","B08W287QHF","FDA関係","true","false","false","2023-10-28 03:11:49","2023-10-28 03:29:06"
"ASIN","B06X42GLTD","FDA関係","true","false","false","2023-10-28 03:11:59","2023-10-28 03:29:05"
"ASIN","B009EPJEV8","FDA関係","true","false","false","2023-10-28 03:13:41","2023-10-28 03:29:04"
"ASIN","B001NPJ1AQ","FDA関係","true","false","false","2023-10-28 03:13:48","2023-10-28 03:29:03"
"ASIN","B07C2NQ45Q","FDA関係","true","false","false","2023-10-28 03:13:53","2023-10-28 03:29:01"
"ASIN","B079VX9YW2","FDA関係","true","false","false","2023-10-28 03:14:01","2023-10-28 03:29:00"
"ASIN","B07CPWRYKB","FDA関係","true","false","false","2023-10-28 03:14:23","2023-10-28 03:29:00"
"ASIN","B079JG3N3P","FDA関係","true","false","false","2023-10-28 03:14:28","2023-10-28 03:28:59"
"ASIN","B00BMIDDIU","FDA関係","true","false","false","2023-10-28 03:14:52","2023-10-28 03:28:58"
"ASIN","B004V2J9DC","FDA関係","true","false","false","2023-10-28 03:15:00","2023-10-28 03:28:57"
"BRAND","Helsinki Formula","FDA関係","true","false","false","2023-10-28 03:15:50","2023-10-28 03:28:31"
"BRAND","Milbon","FDA関係","true","false","false","2023-10-28 03:16:15","2023-10-28 03:28:27"
"BRAND","Schwarzkopf","FDA関係","true","false","false","2023-10-28 03:16:43","2023-10-28 03:28:25"
"BRAND","COVERMARK","FDA関係","true","false","false","2023-10-28 03:16:56","2023-10-28 03:28:20"
"BRAND","Dr.Ci Labo","FDA関係","true","false","false","2023-10-28 03:18:06","2023-10-28 03:28:22"
"BRAND","Dr. Ci:Labo","FDA関係","true","false","false","2023-10-28 03:18:35","2023-10-28 03:28:18"
"ASIN","B0169MB3VM","FDA関係","true","false","false","2023-10-28 03:18:57","2023-10-28 03:28:56"
"ASIN","B01CP4B92Q","FDA関係","true","false","false","2023-10-28 03:20:40","2023-10-28 03:28:55"
"ASIN","B01DZM9QIQ","FDA関係","true","false","false","2023-10-28 03:20:46","2023-10-28 03:28:53"
"ASIN","B006GZXZFU","FDA関係","true","false","false","2023-10-28 03:28:06","2023-10-28 03:28:06"
"ASIN","B000UC3C0I","FDA関係","true","false","false","2023-10-28 03:29:24","2023-10-28 03:29:24"
"BRAND","CHURACOS","FDA関係","true","false","false","2023-10-28 03:30:14","2023-10-28 03:30:14"
"ASIN","B0744KF5R6","FDA関係","true","false","false","2023-10-28 03:30:25","2023-10-28 03:30:25"
"ASIN","B004NOM7AA","FDA関係","true","false","false","2023-10-28 03:31:22","2023-10-28 03:31:22"
"ASIN","B06VT7VPF6","FDA関係","true","false","false","2023-10-28 03:31:30","2023-10-28 03:31:30"
"ASIN","B07H2LH858","FDA関係","true","false","false","2023-10-28 03:31:35","2023-10-28 03:31:35"
"ASIN","B005XHZ7MQ","FDA関係","true","false","false","2023-10-28 03:31:43","2023-10-28 03:31:43"
"ASIN","B006AZM2UU","FDA関係","true","false","false","2023-10-28 03:31:57","2023-10-28 03:31:57"
"ASIN","B07BGS2CTW","FDA関係","true","false","false","2023-10-28 03:32:04","2023-10-28 03:32:04"
"ASIN","B01KJ8PKQQ","FDA関係","true","false","false","2023-10-28 03:32:11","2023-10-28 03:32:11"
"ASIN","B071LR18G3","FDA関係","true","false","false","2023-10-28 03:32:18","2023-10-28 03:32:18"
"ASIN","B01LZBWSFE","FDA関係","true","false","false","2023-10-28 03:32:49","2023-10-28 03:32:49"
"ASIN","B07N7Q3YNH","FDA関係","true","false","false","2023-10-28 03:33:39","2023-10-28 03:33:39"
"BRAND","Elixir","FDA関係","true","false","false","2023-10-28 03:34:17","2023-10-28 03:34:17"
"BRAND","Esprique","FDA関係","true","false","false","2023-10-28 03:35:04","2023-10-28 03:35:04"
"BRAND","ko-se- esupuri-ku","FDA関係","true","false","false","2023-10-28 03:35:16","2023-10-28 03:35:16"
"BRAND","Revel","FDA関係","true","false","false","2023-10-28 03:35:32","2023-10-28 03:35:32"
"BRAND","Fukubisui","FDA関係","true","false","false","2023-10-28 03:35:45","2023-10-28 03:35:45"
"BRAND","d program","FDA関係","true","false","false","2023-10-28 03:37:09","2023-10-28 03:37:09"
"BRAND","Pola","FDA関係","true","false","false","2023-10-28 03:37:24","2023-10-28 03:37:24"
"BRAND","Kose","FDA関係","true","false","false","2023-10-28 03:37:48","2023-10-28 03:37:48"
"BRAND","DECORTE","FDA関係","true","false","false","2023-10-28 03:38:03","2023-10-28 03:38:03"
"ASIN","B004A0C4E6","FDA関係","true","false","false","2023-10-28 03:44:28","2023-10-28 03:44:28"
"ASIN","B01AW151VE","FDA関係","true","false","false","2023-10-28 03:44:46","2023-10-28 03:44:46"
"ASIN","B004V2Q6W4","FDA関係","true","false","false","2023-10-28 03:44:51","2023-10-28 03:44:51"
"ASIN","B004A0C1YO","FDA関係","true","false","false","2023-10-28 03:45:39","2023-10-28 03:45:39"
"ASIN","B00BS4BUGA","FDA関係","true","false","false","2023-10-28 03:46:18","2023-10-28 03:46:18"
"ASIN","B079J5C59D","FDA関係","true","false","false","2023-10-28 03:46:25","2023-10-28 03:46:25"
"ASIN","B00BSPGUOG","FDA関係","true","false","false","2023-10-28 03:46:31","2023-10-28 03:46:31"
"ASIN","B07PFZJK8K","FDA関係","true","false","false","2023-10-28 03:46:37","2023-10-28 03:46:37"
"ASIN","B012N03LAA","FDA関係","true","false","false","2023-10-28 03:46:51","2023-10-28 03:46:51"
"ASIN","B00ESXY7SG","FDA関係","true","false","false","2023-10-28 03:46:59","2023-10-28 03:46:59"
"ASIN","B017NCPDQS","FDA関係","true","false","false","2023-10-28 03:47:06","2023-10-28 03:47:06"
"ASIN","B00JOAB5LA","FDA関係","true","false","false","2023-10-28 03:47:23","2023-10-28 03:47:23"
"ASIN","B0047NW2RU","FDA関係","true","false","false","2023-10-28 03:47:35","2023-10-28 03:47:35"
"ASIN","B003KYSOCE","FDA関係","true","false","false","2023-10-28 03:47:41","2023-10-28 03:47:41"
"ASIN","B004FO6HYK","FDA関係","true","false","false","2023-10-28 03:47:53","2023-10-28 03:47:53"
"ASIN","B00E3KNU9G","FDA関係","true","false","false","2023-10-28 03:48:07","2023-10-28 03:48:07"
"ASIN","B01M1DQ131","FDA関係","true","false","false","2023-10-28 03:48:33","2023-10-28 03:48:33"
"ASIN","B004WJEMSG","FDA関係","true","false","false","2023-10-28 03:48:41","2023-10-28 03:48:41"
"ASIN","B004MGXIXY","FDA関係","true","false","false","2023-10-28 03:48:54","2023-10-28 03:48:54"
"ASIN","B01MYB7D9Z","FDA関係","true","false","false","2023-10-28 03:49:01","2023-10-28 03:49:01"
"ASIN","B00AFOWKE0","FDA関係","true","false","false","2023-10-28 03:49:08","2023-10-28 03:49:08"
"ASIN","B00Z78EGKU","FDA関係","true","false","false","2023-10-28 03:49:14","2023-10-28 03:49:14"
"ASIN","B0051MOU9E","FDA関係","true","false","false","2023-10-28 03:49:22","2023-10-28 03:49:22"
"ASIN","B009KKQQFE","FDA関係","true","false","false","2023-10-28 03:49:47","2023-10-28 03:49:47"
"ASIN","B000P5HSDW","FDA関係","true","false","false","2023-10-28 03:49:55","2023-10-28 03:49:55"
"ASIN","B005DP1I9E","FDA関係","true","false","false","2023-10-28 03:50:03","2023-10-28 03:50:03"
"ASIN","B07H2V9PZ8","FDA関係","true","false","false","2023-10-28 03:50:11","2023-10-28 03:50:11"
"ASIN","B01NCRVW9G","FDA関係","true","false","false","2023-10-28 03:50:17","2023-10-28 03:50:17"
"ASIN","B07DMCRJS9","FDA関係","true","false","false","2023-10-28 03:50:30","2023-10-28 03:50:30"
"ASIN","B01BF1SDO2","FDA関係","true","false","false","2023-10-28 03:50:55","2023-10-28 03:50:55"
"ASIN","B079X2C963","FDA関係","true","false","false","2023-10-28 03:51:06","2023-10-28 03:51:06"
"ASIN","B004V2Q6M4","FDA関係","true","false","false","2023-10-28 03:51:20","2023-10-28 03:51:20"
"BRAND","LEATHERMAN","LEATHERMAN","true","false","false","2023-10-28 05:42:14","2023-10-28 05:42:14"
"BRAND","victorinox","知財","true","false","false","2023-11-06 09:28:56","2023-11-06 09:28:56"
"BRAND","Swiss Army","知財 Victorinox","true","false","false","2023-11-07 00:48:15","2023-11-07 00:48:15"
"BRAND","Wenger","知財 Victorinox","true","false","false","2023-11-07 00:48:50","2023-11-07 00:48:50"
"BRAND","SwissGear","知財 Victorinox","true","false","false","2023-11-07 00:51:40","2023-11-07 00:51:40"
"ASIN","B087K27LFF","送料オーバー","true","false","false","2023-11-08 22:24:29","2023-11-08 22:24:29"
"ASIN","B09874CBPD","FDA関係","true","false","false","2023-11-09 06:44:06","2023-11-09 06:44:06"
"ASIN","B0096JYZMA","SALONIA","true","false","false","2023-11-09 21:22:07","2023-11-09 21:22:07"
"BRAND","SALONIA","SALONIA","true","false","false","2023-11-09 21:22:13","2023-11-09 21:22:13"
"ASIN","B09XFCCC9B","Sonny Angel","true","false","false","2023-11-09 21:22:38","2023-11-09 21:22:38"
"BRAND","Sonny Angel","Sonny Angel","true","false","false","2023-11-09 21:22:45","2023-11-09 21:22:45"
"ASIN","B07JNC3G1T","Smiski","true","false","false","2023-11-09 21:23:34","2023-11-09 21:23:34"
"BRAND","Smiski","Smiski","true","false","false","2023-11-09 21:23:44","2023-11-09 21:23:44"
"BRAND","Dreams","Smiski","true","false","false","2023-11-09 21:24:02","2023-11-09 21:24:02"
"ASIN","B0784LMK8J","Smiski","true","false","false","2023-11-09 21:25:08","2023-11-09 21:25:08"
"BRAND","Sinoeem","Sinoeem","true","false","false","2023-11-09 21:25:22","2023-11-09 21:25:22"
"ASIN","B09RDVN2R7","Smiski","true","false","false","2023-11-09 21:26:03","2023-11-09 21:26:03"
"ASIN","B09XFDB61N","Sonny Angel","true","false","false","2023-11-09 21:26:35","2023-11-09 21:26:35"
"ASIN","B09GNNL4LV","ART OF THE DIET","true","false","false","2023-11-09 21:27:22","2023-11-09 21:27:22"
"BRAND","ART OF THE DIET","ART OF THE DIET","true","false","false","2023-11-09 21:27:28","2023-11-09 21:27:28"
"ASIN","B0BSHG1K1F","Smiski","true","false","false","2023-11-09 21:28:20","2023-11-09 21:28:20"
"ASIN","B06ZY92YSC","Corsair  Transparency","true","false","false","2023-11-11 01:31:21","2023-11-11 01:31:21"
"ASIN","B079NV7P3T","Corsair  Transparency","true","false","false","2023-11-11 01:32:34","2023-11-11 01:32:34"
"ASIN","B00061HGAK","送料オーバー","true","false","false","2023-11-15 02:32:17","2023-11-15 02:32:17"
"ASIN","B01JIVV25S","送料オーバー","true","false","false","2023-11-18 04:41:50","2023-11-18 04:41:50"
"ASIN","B09738CV2G","Transparency","true","false","false","2023-11-23 03:48:26","2023-11-23 03:48:26"
"ASIN","B08XX5KVVD","法令","true","false","false","2023-11-24 01:03:45","2023-11-24 01:03:45"
"BRAND","SUUNTO","メーカー直売","true","false","false","2023-11-24 02:23:09","2023-11-24 02:23:09"
"ASIN","B08WXB3GDK","送料オーバー","true","false","false","2023-11-24 02:34:46","2023-11-24 02:34:46"
"ASIN","B09HG8RB88","送料オーバー","true","false","false","2023-11-25 05:38:03","2023-11-25 05:38:03"
"ASIN","B08WWPQJTN","サイズオーバー","true","false","false","2023-11-28 02:22:21","2023-11-28 02:22:21"
"ASIN","B09F8RBQX1","送料オーバー","true","false","false","2023-12-01 22:34:52","2023-12-01 22:34:52"
"ASIN","B083X4VCLB","Transparency","true","false","false","2023-12-01 22:42:55","2023-12-01 22:42:55"
"ASIN","B07Z9SW756","Transparency","true","false","false","2023-12-01 22:43:04","2023-12-01 22:43:04"
"BRAND","Cosequin","知財","true","false","false","2023-12-03 05:03:29","2023-12-03 05:03:29"
"BRAND","NaturalPoint","知財","true","false","false","2023-12-03 05:05:38","2023-12-03 05:05:38"
"BRAND","NATURAL POINT","知財","true","false","false","2023-12-04 00:44:31","2023-12-04 00:44:31"
"BRAND","AG Hazuki","知財リスト","true","false","false","2023-12-05 00:49:38","2023-12-05 00:49:38"
"BRAND","AKER","知財リスト","true","false","false","2023-12-05 00:49:45","2023-12-05 00:49:45"
"BRAND","ALLEX","知財リスト","true","false","false","2023-12-05 00:49:50","2023-12-05 00:49:50"
"BRAND","Aputure","知財リスト","true","false","false","2023-12-05 00:50:17","2023-12-05 00:50:17"
"BRAND","ARS","知財リスト","true","false","false","2023-12-05 00:50:23","2023-12-05 00:50:23"
"BRAND","Astell&Kern","知財リスト","true","false","false","2023-12-05 00:50:30","2023-12-05 00:50:30"
"BRAND","BNISE","知財リスト","true","false","false","2023-12-05 00:50:59","2023-12-05 00:50:59"
"BRAND","Boeing","知財リスト","true","false","false","2023-12-05 00:51:05","2023-12-05 00:51:05"
"BRAND","BROTHER","知財リスト","true","false","false","2023-12-05 00:51:13","2023-12-05 00:51:13"
"BRAND","CHORD","知財リスト","true","false","false","2023-12-05 00:51:37","2023-12-05 00:51:37"
"BRAND","DAIICHISEIKO","知財リスト","true","false","false","2023-12-05 00:52:08","2023-12-05 00:52:08"
"BRAND","former LaQ USA","知財リスト","true","false","false","2023-12-05 00:53:09","2023-12-05 00:53:09"
"BRAND","Uni-ball","知財リスト","true","false","false","2023-12-05 00:57:21","2023-12-05 00:57:21"
"BRAND","Pure Fishing","知財","true","false","false","2023-12-05 23:29:34","2023-12-05 23:29:34"
"ASIN","B009X16Q3M","知財","true","false","false","2023-12-06 04:41:45","2023-12-06 04:41:45"
"BRAND","Art Clay","知財","true","false","false","2023-12-06 04:42:04","2023-12-06 04:42:04"
"ASIN","B009X16Q4G","知財 Art Clay","true","false","false","2023-12-06 04:43:08","2023-12-06 04:43:08"
"ASIN","B009X16V6E","知財 Art Clay","true","false","false","2023-12-06 04:43:26","2023-12-06 04:43:26"
"ASIN","B009X16Q46","知財 Art Clay","true","false","false","2023-12-06 04:44:32","2023-12-06 04:44:32"
"ASIN","B009X16YOS","知財 Art Clay","true","false","false","2023-12-06 04:45:08","2023-12-06 04:45:08"
"BRAND","MAKITA","知財","true","false","false","2023-12-06 21:53:24","2023-12-06 21:53:24"
"ASIN","B08XJZ82Y8","Transparency","true","false","false","2023-12-09 01:30:53","2023-12-09 01:30:53"
"ASIN","B07HQFGZGK","Transparency","true","false","false","2023-12-09 01:34:53","2023-12-09 01:34:53"
"ASIN","B001JPGZRW","規約違反","true","false","false","2024-01-23 07:14:54","2024-01-23 07:14:54"
"ASIN","B00I8MYMT2","Transparency","true","false","false","2024-01-23 07:15:45","2024-01-23 07:15:45"
"BRAND","iittala","Fiskars知財","true","false","false","2024-01-24 03:29:57","2024-01-24 03:29:57"
"BRAND","Waterford","Fiskars知財","true","false","false","2024-01-24 03:30:09","2024-01-24 03:30:09"
"BRAND","Wedgewood","Fiskars知財","true","false","false","2024-01-24 03:30:21","2024-01-24 03:30:21"
"BRAND","Wedge wood","Fiskars知財","true","false","false","2024-01-24 03:30:24","2024-01-24 03:30:24"
"BRAND","Rogaska","Fiskars知財","true","false","false","2024-01-24 03:30:37","2024-01-24 03:30:37"
"BRAND","Royal Albert","Fiskars知財","true","false","false","2024-01-24 03:30:55","2024-01-24 03:30:55"
"BRAND","Royal Dulton","Fiskars知財","true","false","false","2024-01-24 03:31:09","2024-01-24 03:31:09"
"BRAND","Royal Copenhagen","Fiskars知財","true","false","false","2024-01-24 03:31:24","2024-01-24 03:31:24"
"BRAND","Claymore","知財","true","false","false","2024-02-01 09:12:50","2024-02-01 09:12:50"
"ASIN","B0010MGT7A","規約違反","true","false","false","2024-02-01 13:30:28","2024-02-01 13:30:28"
"ASIN","B00E722NX4","規約違反","true","false","false","2024-02-01 13:30:58","2024-02-01 13:30:58"
"ASIN","B09HH5146T","送料オーバー","true","false","false","2024-02-02 05:17:41","2024-02-02 05:17:41"
"ASIN","B01ICV68X6","SHIMNO 自転車パーツ　左右の商品説明が間違えている","true","false","false","2024-02-14 10:00:56","2024-02-14 10:00:56"
"ASIN","B0007P51TI","商標の不正使用(Playstation)","true","false","false","2024-02-17 04:05:10","2024-02-17 04:05:10"
"ASIN","B000NVS8VO","商標の不正使用(Playstation)","true","false","false","2024-02-17 04:05:18","2024-02-17 04:05:18"
"ASIN","B079M8LTJK","商標の不正使用(Playstation)","true","false","false","2024-02-17 04:12:05","2024-02-17 04:12:05"
"ASIN","B00006L8ZM","商標の不正使用(Playstation)","true","false","false","2024-02-17 04:12:08","2024-02-17 04:12:08"
"ASIN","B015E13132","商標の不正使用(Playstation)","true","false","false","2024-02-17 04:12:25","2024-02-17 04:12:25"
"ASIN","B07GRRL4X4","商標の不正使用(Playstation)","true","false","false","2024-02-17 04:12:34","2024-02-17 04:12:34"
"ASIN","B00005OV7W","商標の不正使用(Playstation)","true","false","false","2024-02-17 04:12:44","2024-02-17 04:12:44"
"ASIN","B00F27JDY0","商標の不正使用(Playstation)","true","false","false","2024-02-17 04:12:54","2024-02-17 04:12:54"
"ASIN","0036DDEJC","制限対象商品の規約違反","true","false","false","2024-02-21 21:17:18","2024-02-21 21:17:18"
"ASIN","B0036DDEJC","制限対象商品の規約違反","true","false","false","2024-02-21 21:18:00","2024-02-21 21:18:00"
"ASIN","B07QRZDJG9","並行品が国内製として登録されている","true","false","false","2024-03-03 01:08:23","2024-03-03 01:08:23"
"ASIN","B01M66VJXR","知財疑い","true","false","false","2024-03-03 21:54:21","2024-03-03 21:54:21"
"ASIN","B09Z4JQCC1","知財怪しい","true","false","false","2024-03-10 02:16:19","2024-03-10 02:16:19"
"ASIN","B08ZYXZ7C1","ポリシー違反","true","false","false","2024-03-26 22:39:27","2024-03-26 22:39:27"
"ASIN","B0BGGRQYN1","知財疑い G-Shock","true","false","false","2024-04-06 06:06:38","2024-04-06 06:06:38"
"ASIN","B098DNFGKT","知財疑い　G-Shock","true","false","false","2024-04-06 22:38:13","2024-04-06 22:38:13"
"ASIN","B01188BKS8","送料オ－バー","true","false","false","2024-04-08 02:14:54","2024-04-08 02:14:54"
"ASIN","B075LN6SCS","制限対象 Wiiリモコン","true","false","false","2024-04-11 03:24:51","2024-04-11 03:24:51"
"BRAND","Penn","権利者からのメール連絡","true","false","false","2024-04-11 13:17:55","2024-04-11 13:17:55"
"BRAND","PLANO","権利者からのメール連絡","true","false","false","2024-04-11 13:23:31","2024-04-11 13:23:31"
"BRAND","Abu Garcia","権利者からのメール連絡","true","false","false","2024-04-11 13:23:49","2024-04-11 13:23:49"
"BRAND","Berkley","権利者からのメール連絡","true","false","false","2024-04-11 13:24:04","2024-04-11 13:24:04"
"BRAND","SAVAG","権利者からのメール連絡","true","false","false","2024-04-11 13:24:11","2024-04-11 13:24:11"
"ASIN","B0894ZSP9M","制限対象Panasonic","true","false","false","2024-04-13 05:04:16","2024-04-13 05:04:16"
"ASIN","B007629Z10","地域法令","true","false","false","2024-04-13 05:07:02","2024-04-13 05:07:02"
"ASIN","B002QZ19RA","制限対象","true","false","false","2024-04-13 05:07:54","2024-04-13 05:07:54"
"ASIN","B07RPMGLK2","知財疑い Casio 商標の不正使用(TOUGH SOLAR)","true","false","false","2024-04-16 03:21:53","2024-04-16 03:22:46"
"ASIN","B0859M98K3","法令　Bandai","true","false","false","2024-04-17 22:49:23","2024-04-17 22:49:23"
"ASIN","B0C61J55G9","法令　CASIO","true","false","false","2024-04-17 22:49:44","2024-04-17 22:49:44"
"ASIN","B0BW8LXBBM","法令　CASIO","true","false","false","2024-04-17 22:49:58","2024-04-17 22:49:58"
"ASIN","B001GS8F98","法令　CASIO","true","false","false","2024-04-17 22:50:14","2024-04-17 22:50:14"
"ASIN","B09SL3V2B5","法令　CASIO","true","false","false","2024-04-17 22:50:29","2024-04-17 22:50:29"
"ASIN","B07HL2SKJT","コンプラ Korg","true","false","false","2024-04-19 08:21:15","2024-04-19 08:21:15"
"ASIN","B0001PWFI4","コンプラ Sega","true","false","false","2024-04-19 08:21:28","2024-04-19 08:22:17"
"ASIN","B08B67RWBG","コンプラ","true","false","false","2024-04-19 08:22:32","2024-04-19 08:22:32"
"ASIN","B01CJKS7TE","コンプラ","true","false","false","2024-04-19 08:24:51","2024-04-19 08:24:51"
"ASIN","B083VKZ9F3","コンプラ","true","false","false","2024-04-19 08:24:58","2024-04-19 08:24:58"
"ASIN","B08X5K6NZH","コンプラ","true","false","false","2024-04-19 08:25:20","2024-04-19 08:25:20"
"ASIN","B07GVBZ9BV","コンプラ","true","false","false","2024-04-19 08:25:33","2024-04-19 08:25:33"
"BRAND","Vandoren","知財","true","false","false","2024-04-27 12:42:29","2024-04-27 12:42:29"
"ASIN","B0002CZRMC","Vandoren","true","false","false","2024-04-27 12:45:38","2024-04-27 12:45:38"
"BRAND","Cross","メーカー直売： CROSSPENMALL","true","false","false","2024-04-29 01:49:11","2024-04-29 01:49:11"
"BRAND","NAGAOKA","メーカー直売","true","false","false","2024-04-29 04:36:08","2024-04-29 04:36:08"
"ASIN","B076TG32YP","知財","true","false","false","2024-05-02 07:21:06","2024-05-02 07:21:06"
"ASIN","B00KQPETHO","知財","true","false","false","2024-05-02 07:22:41","2024-05-02 07:22:41"
"ASIN","B001DCEKXM","知財","true","false","false","2024-05-02 07:23:43","2024-05-02 07:23:43"
"ASIN","B01MUGEO9X","真贋疑い","true","false","false","2024-05-02 07:27:49","2024-05-02 07:27:49"
"ASIN","B088C2TSNR","真贋疑い","true","false","false","2024-05-02 07:29:11","2024-05-02 07:29:11"
"ASIN","B084QDQ5ZF","真贋疑い","true","false","false","2024-05-02 07:51:54","2024-05-02 07:51:54"
"ASIN","B0039N480I","法令","true","false","false","2024-05-04 00:54:08","2024-05-04 00:54:08"
"ASIN","B00O1H1D4K","KOTBUKIYA","true","false","false","2024-05-04 06:40:58","2024-05-04 06:40:58"
"BRAND","Duo","知財","true","false","false","2024-05-06 04:21:34","2024-05-06 04:21:34"
"ASIN","B075VGN4M1","Transparency","true","false","false","2024-05-06 04:22:33","2024-05-06 04:22:33"
"ASIN","B0CNRCHGN1","知財疑い","true","false","false","2024-05-07 10:24:41","2024-05-07 10:24:41"
"ASIN","B0973K5PQ9","商標の不正使用(BANPRESTO)","true","false","false","2024-05-07 14:39:37","2024-05-07 14:39:37"
"ASIN","B000FG86VO","送料オーバー","true","false","false","2024-05-08 05:22:50","2024-05-08 05:22:50"
"ASIN","B008809HA8","コンプライアンス","true","false","false","2024-05-08 07:30:16","2024-05-08 07:30:16"
"ASIN","B0BW8KC96B","CASIO 商標の不正使用(TOUGH SOLAR)","true","false","false","2024-05-09 22:05:21","2024-05-09 22:05:21"
"ASIN","B08RCTR9W5","コンプラ Consumer Button Cell Battery","true","false","false","2024-05-10 02:29:41","2024-05-10 02:29:41"
"ASIN","B07WM9S3V7","ボタン電池","true","false","false","2024-05-16 03:25:54","2024-05-16 03:25:54"
"ASIN","B08VHTLCGN","ボタン電池","true","false","false","2024-05-16 03:26:08","2024-05-16 03:26:08"
"ASIN","B00NW21570","ボタン電池","true","false","false","2024-05-16 03:26:22","2024-05-16 03:26:22"
"ASIN","B0BZCNF2P7","ボタン電池","true","false","false","2024-05-16 03:26:40","2024-05-16 03:26:40"
"BRAND","Columbia","メーカー直売","true","false","false","2024-05-16 03:29:21","2024-05-16 03:29:21"
"BRAND","Q&Q","メーカー直売","true","false","false","2024-05-16 03:30:19","2024-05-16 03:30:19"
"BRAND","MEGALITH","メーカー直売","true","false","false","2024-05-16 03:34:38","2024-05-16 03:34:38"
"BRAND","MASTOP","時計　メーカー直売","true","false","false","2024-05-16 03:44:29","2024-05-16 03:44:29"
"BRAND","eYotto","時計　メーカー直売","true","false","false","2024-05-16 03:48:49","2024-05-16 03:48:49"
"ASIN","B000BMVIGW","送料オーバー","true","false","false","2024-05-19 05:00:22","2024-05-19 05:00:22"
"ASIN","B0076FBBMS","コンプラ","true","false","false","2024-05-29 08:51:57","2024-05-29 08:51:57"
"ASIN","B07ZCPKR94","コンプラ","true","false","false","2024-05-29 08:52:15","2024-05-29 08:52:15"
"ASIN","B07ZK4KTNX","Strymon","true","false","false","2024-06-04 08:49:25","2024-06-04 08:49:25"
"BRAND","Strymon","Brand Protection Teamから通知","true","false","false","2024-06-04 08:49:51","2024-06-04 08:49:51"
"ASIN","B003KW3WEG","商品説明違反","true","false","false","2024-06-05 04:09:50","2024-06-05 04:09:50"
"ASIN","B08LG79Y4R","真・女神転生","true","false","false","2024-06-14 07:21:13","2024-06-14 07:21:13"
"ASIN","B09V7Q9Z3J","真・女神転生","true","false","false","2024-06-14 07:21:23","2024-06-14 07:21:23"
"ASIN","B001DJ9G66","真・女神転生","true","false","false","2024-06-14 07:21:30","2024-06-14 07:21:30"
"ASIN","B000E9PIYK","真・女神","true","false","false","2024-06-14 07:21:49","2024-06-14 07:21:49"
"ASIN","B0002K747A","真・女神","true","false","false","2024-06-14 07:22:03","2024-06-14 07:22:03"
"ASIN","B00006RT60","真・女神","true","false","false","2024-06-14 07:22:09","2024-06-14 07:22:09"
"ASIN","B000066BPW","真・女神","true","false","false","2024-06-14 07:22:19","2024-06-14 07:22:19"
"ASIN","B07DY5VM2M","真・女神","true","false","false","2024-06-14 07:22:27","2024-06-14 07:22:27"
"BRAND","Atlus","Atlus","true","false","false","2024-06-14 07:24:18","2024-06-14 07:24:18"
"ASIN","B079CJV9L1","並行品","true","false","false","2024-06-14 07:59:26","2024-06-14 07:59:26"
"BRAND","SEGA","訴訟","true","false","false","2024-06-14 10:30:28","2024-06-14 10:30:28"
"ASIN","B097PJX3Z9","Shin Megami Tensei","true","false","false","2024-06-15 21:56:09","2024-06-15 21:56:09"
"BRAND","アストロプロダクツ","アストロプロダクツ","true","false","false","2024-06-16 09:38:14","2024-06-16 09:38:14"
"BRAND","PB SWISS TOOLS","アストロプロダクツ","true","false","false","2024-06-16 09:39:08","2024-06-16 09:39:08"
"BRAND","Astro Products","PB SWISS TOOLS","true","false","false","2024-06-16 09:41:27","2024-06-16 09:41:27"
"ASIN","B00284ADDU","法令","true","false","false","2024-06-16 09:43:02","2024-06-16 09:43:02"
"ASIN","B0BKGGFLBY","法令","true","false","false","2024-06-16 09:43:16","2024-06-16 09:43:16"
"ASIN","B07RWSB7QB","法令","true","false","false","2024-06-16 09:43:43","2024-06-16 09:43:43"
"ASIN","B09ZY75K6Z","法令","true","false","false","2024-06-16 09:44:02","2024-06-16 09:44:02"
"ASIN","B00C6SMU8O","法令","true","false","false","2024-06-16 09:44:12","2024-06-16 09:44:12"
"ASIN","B003MD0GY2","法令","true","false","false","2024-06-16 09:44:37","2024-06-16 09:44:37"
"ASIN","B0B6J3V5CS","法令","true","false","false","2024-06-16 09:45:06","2024-06-16 09:45:06"
"ASIN","B002M2OPD2","法令","true","false","false","2024-06-16 09:45:29","2024-06-16 09:45:29"
"ASIN","B084JC8S1N","法令","true","false","false","2024-06-16 09:45:43","2024-06-16 09:45:43"
"ASIN","B008HCWFEM","法令","true","false","false","2024-06-16 09:46:07","2024-06-16 09:46:07"
"ASIN","B08LYFLF5H","法令","true","false","false","2024-06-16 09:46:45","2024-06-16 09:46:45"
"ASIN","B08K41NRQR","法令","true","false","false","2024-06-16 09:46:53","2024-06-16 09:46:53"
"ASIN","B07CQ3FXR9","法令","true","false","false","2024-06-16 09:47:03","2024-06-16 09:47:03"
"ASIN","B07BW8P2ZZ","法令","true","false","false","2024-06-16 09:47:17","2024-06-16 09:47:17"
"ASIN","B002NE7964","法令","true","false","false","2024-06-16 09:47:28","2024-06-16 09:47:28"
"ASIN","B007HHVVCK","法令","true","false","false","2024-06-16 09:47:37","2024-06-16 09:47:37"
"ASIN","B099Z6P43Q","法令","true","false","false","2024-06-16 09:47:45","2024-06-16 09:47:45"
"ASIN","B00NW21570","法令","true","false","false","2024-06-16 09:47:57","2024-06-16 09:47:57"
"ASIN","B08VHTLCGN","法令","true","false","false","2024-06-16 09:48:03","2024-06-16 09:48:03"
"ASIN","B092WCJMMX","法令","true","false","false","2024-06-16 09:48:19","2024-06-16 09:48:19"
"ASIN","B07HLXY18R","法令","true","false","false","2024-06-16 09:48:33","2024-06-16 09:48:33"
"ASIN","B0BJTC8CVP","法令","true","false","false","2024-06-16 09:48:44","2024-06-16 09:48:44"
"ASIN","B0C61MM7GQ","法令","true","false","false","2024-06-16 09:48:53","2024-06-16 09:48:53"
"ASIN","B098CXLF7Z","法令","true","false","false","2024-06-16 09:49:02","2024-06-16 09:49:02"
"ASIN","B00J2JDLBA","法令","true","false","false","2024-06-16 09:49:12","2024-06-16 09:49:12"
"ASIN","B0BSTVC6VD","法令","true","false","false","2024-06-16 09:49:21","2024-06-16 09:49:21"
"ASIN","B0C61LCVQV","法令","true","false","false","2024-06-16 09:49:28","2024-06-16 09:49:28"
"ASIN","B0BZCNF2P7","法令","true","false","false","2024-06-16 09:49:36","2024-06-16 09:49:36"
"ASIN","B08RCTR9W5","法令","true","false","false","2024-06-16 09:49:49","2024-06-16 09:49:49"
"BRAND","SEGA TOYS","法令","true","false","false","2024-06-16 09:54:09","2024-06-16 09:54:09"
"ASIN","B000EY2ZT6","法令","true","false","false","2024-06-16 10:11:05","2024-06-16 10:11:05"
"ASIN","B000E9NHVQ","法令","true","false","false","2024-06-16 10:11:11","2024-06-16 10:11:11"
"ASIN","B001AO15WW","Atlus","true","false","false","2024-06-16 10:11:29","2024-06-16 10:11:29"
"ASIN","B003ZYDBEU","Atlus","true","false","false","2024-06-16 10:11:35","2024-06-16 10:11:35"
"ASIN","B004ELBEDI","Atlus","true","false","false","2024-06-16 10:11:44","2024-06-16 10:11:44"
"ASIN","B005EFVD70","Atlus","true","false","false","2024-06-16 10:11:49","2024-06-16 10:11:49"
"ASIN","B007IEOP3O","Atlus","true","false","false","2024-06-16 10:11:54","2024-06-16 10:11:54"
"ASIN","B008CQCA5M","Atlus","true","false","false","2024-06-16 10:12:01","2024-06-16 10:12:01"
"ASIN","B009574E4C","Atlus","true","false","false","2024-06-16 10:12:07","2024-06-16 10:12:07"
"ASIN","B00G4DULCY","Atlus","true","false","false","2024-06-16 10:12:12","2024-06-16 10:12:12"
"ASIN","B00T5VRSXC","Atlus","true","false","false","2024-06-16 10:12:20","2024-06-16 10:12:20"
"ASIN","B01N1HXZLI","Atlus","true","false","false","2024-06-16 10:12:28","2024-06-16 10:12:28"
"ASIN","B073RKXB58","Atlus","true","false","false","2024-06-16 10:12:49","2024-06-16 10:12:49"
"ASIN","B0747KZBKJ","Atlus","true","false","false","2024-06-16 10:12:55","2024-06-16 10:12:55"
"ASIN","B07DS7396C","Atlus","true","false","false","2024-06-16 10:12:59","2024-06-16 10:12:59"
"ASIN","B07DYD7696","Atlus","true","false","false","2024-06-16 10:13:05","2024-06-16 10:13:05"
"ASIN","B07F9SNKH9","Atlus","true","false","false","2024-06-16 10:13:10","2024-06-16 10:13:10"
"ASIN","B07QV6TM3C","Atlus","true","false","false","2024-06-16 10:13:15","2024-06-16 10:13:15"
"ASIN","B07SMRG2BF","Atlus","true","false","false","2024-06-16 10:13:19","2024-06-16 10:13:19"
"ASIN","B07W6GM4CH","Atlus","true","false","false","2024-06-16 10:13:24","2024-06-16 10:13:24"
"ASIN","B08BP5X3Q5","Atlus","true","false","false","2024-06-16 10:13:29","2024-06-16 10:13:29"
"ASIN","B092M3QGJ8","Atlus","true","false","false","2024-06-16 10:13:34","2024-06-16 10:13:34"
"ASIN","B09QMC7LRC","Atlus","true","false","false","2024-06-16 10:13:39","2024-06-16 10:13:39"
"ASIN","B09QMCTH3P","Atlus","true","false","false","2024-06-16 10:13:44","2024-06-16 10:13:44"
"ASIN","B0B3N1JHQX","Atlus","true","false","false","2024-06-16 10:13:48","2024-06-16 10:13:48"
"ASIN","B0058BFGEQ","Atlus","true","false","false","2024-06-16 10:14:12","2024-06-16 10:14:12"
"ASIN","B00HVQ9PQ6","Atlus","true","false","false","2024-06-16 10:31:17","2024-06-16 10:31:17"
"BRAND","Shin Megami Tensei","Atlus","true","false","false","2024-06-16 10:33:41","2024-06-16 10:33:41"
"BRAND","Sin Megami","Atlus","true","false","false","2024-06-16 10:33:47","2024-06-16 10:33:47"
"BRAND","Persona","Atlus","true","false","false","2024-06-16 10:33:52","2024-06-16 10:33:52"
"ASIN","B08CDYVRZW","SEGA","true","false","false","2024-06-17 08:16:04","2024-06-17 08:16:04"
"ASIN","B00PVBUQSE","法令","true","false","false","2024-06-19 07:00:19","2024-06-19 07:00:19"
"ASIN","B015YF4W4U","法令","true","false","false","2024-06-22 21:35:16","2024-06-22 21:35:16"
"ASIN","B00MIHHJV6","法令","true","false","false","2024-06-22 21:35:34","2024-06-22 21:35:34"
"ASIN","4798614742","GODZILLA","true","false","false","2024-06-23 23:53:25","2024-06-23 23:53:25"
"ASIN","4800313430","GODZILLA","true","false","false","2024-06-23 23:53:35","2024-06-23 23:53:35"
"ASIN","4802130899","エバンゲリオン？とりあえず","true","false","false","2024-06-24 00:08:24","2024-06-24 00:08:24"
"ASIN","B00L4Q8CGI","制限対象","true","false","false","2024-06-27 03:53:59","2024-06-27 03:53:59"
"ASIN","B008CXSJAK","制限対象","true","false","false","2024-06-27 03:54:35","2024-06-27 03:54:35"
"ASIN","B000V2FB3S","制限対象","true","false","false","2024-06-27 03:54:48","2024-06-27 03:54:48"
"ASIN","B00FR885JS","制限対象","true","false","false","2024-06-27 03:54:56","2024-06-27 03:54:56"
"ASIN","B00J2JDLDS","コンプラ","true","false","false","2024-06-29 00:16:52","2024-06-29 00:16:52"
"ASIN","B07FFPCT4R","出品制限SHIMANO","true","false","false","2024-06-29 00:40:27","2024-06-29 00:40:27"
"ASIN","B001L7OBDS","制限対象TONE","true","false","false","2024-06-29 01:17:04","2024-06-29 23:59:29"
"ASIN","B072TV9KBQ","制限対象ダイキ工業","true","false","false","2024-06-29 01:17:30","2024-06-29 23:59:19"
"ASIN","B09B22FDK1","制限対象HTG","true","false","false","2024-06-29 01:17:41","2024-06-29 01:17:41"
"ASIN","B06XFL1LJ2","制限対象CASIO","true","false","false","2024-06-29 01:17:53","2024-06-29 23:59:18"
"ASIN","B00EYSOSH0","出品制限CASIO","true","false","false","2024-06-29 01:30:56","2024-06-29 01:30:56"
"ASIN","B004K0DE4A","出品制限HAAKO","true","false","false","2024-06-29 01:31:32","2024-06-29 23:59:17"
"ASIN","B0BGGRZ87B","出品制限CASIO","true","false","false","2024-06-29 02:25:38","2024-06-29 02:25:38"
"ASIN","B000LFWKZW","出品制限TAMIYA","true","false","false","2024-06-29 03:44:27","2024-06-29 23:59:13"
"ASIN","B01MTFGGZ6","出品制限 Babolat","true","false","false","2024-06-29 03:44:47","2024-06-29 23:59:13"
"ASIN","B001TPB4GY","出品制限 Aoshima","true","false","false","2024-06-29 04:46:11","2024-06-29 23:59:13"
"ASIN","B0CJJ5PMCZ","出品制限 CASIO","true","false","false","2024-06-29 04:46:25","2024-06-29 04:46:25"
"ASIN","B08B3K6Q5N","出品制限 SHIMANO","true","false","false","2024-06-29 04:46:37","2024-06-29 23:59:12"
"ASIN","B000W9FNGA","制限対象 Tohnichi","true","false","false","2024-06-29 06:31:37","2024-06-29 06:31:37"
"ASIN","B00762AEDI","制限対象 Hakko","true","false","false","2024-06-29 06:31:51","2024-06-29 23:59:09"
"ASIN","B003UATAVW","制限対象 Mitutoyo","true","false","false","2024-06-29 06:32:08","2024-06-29 06:32:08"
"ASIN","B000Y3374Y","制限対象","true","false","false","2024-06-29 06:35:19","2024-06-29 23:59:08"
"ASIN","B09HWWGKGW","制限対象 CASIO","true","false","false","2024-06-29 07:20:01","2024-06-29 07:20:01"
"ASIN","B09HX1W2BN","制限対象 CASIO","true","false","false","2024-06-29 07:20:08","2024-06-29 23:59:05"
"ASIN","B000KHXB86","制限対象 Zojirushi","true","false","false","2024-06-29 23:56:37","2024-06-29 23:56:37"
"ASIN","B00EEJ077O","制限対象 Babolat","true","false","false","2024-06-29 23:58:05","2024-06-29 23:59:05"
"ASIN","B000W9KRFC","制限対象 Tohnichi","true","false","false","2024-06-29 23:58:18","2024-06-29 23:58:18"
"ASIN","B0753DRQ44","制限対象 CASIO","true","false","false","2024-06-29 23:58:33","2024-06-29 23:59:04"
"ASIN","B001HYC1FU","制限対象 SHIMANO","true","false","false","2024-06-29 23:58:46","2024-06-29 23:58:46"
"ASIN","B08VF35Q97","制限対象","true","false","false","2024-06-29 23:59:44","2024-06-29 23:59:44"
"ASIN","B09KRR5GKS","コンプライアンス","true","false","false","2024-07-13 21:33:59","2024-07-13 21:33:59"
"ASIN","B003S49JAC","コンプライアンス","true","false","false","2024-07-14 05:07:12","2024-07-14 05:07:12"
"ASIN","B000068HDK","ゲーム","true","false","false","2024-07-16 22:48:05","2024-07-16 22:48:05"
"ASIN","B0000843ZJ","ゲーム","true","false","false","2024-07-16 22:48:27","2024-07-16 22:48:27"
"ASIN","B002P9BW10","京都機械工具","true","false","false","2024-07-16 22:50:11","2024-07-16 22:50:11"
"ASIN","B003EO5S2E","おもちゃコンプラ","true","false","false","2024-07-16 22:52:23","2024-07-16 22:52:23"
"ASIN","B014P9CAWW","コンプラEPOCH","true","false","false","2024-07-21 04:41:22","2024-07-21 04:41:22"
"ASIN","BOOH4SWM98","制限対象","true","false","false","2024-07-23 22:57:13","2024-07-23 22:57:13"
"ASIN","B0031214SO","制限対象","true","false","false","2024-07-23 22:57:22","2024-07-23 22:57:22"
"ASIN","B014IDNT3E","制限対象","true","false","false","2024-07-23 22:57:32","2024-07-23 22:57:32"
"ASIN","B007CTTS50","制限対象","true","false","false","2024-07-23 22:57:38","2024-07-23 22:57:38"
"ASIN","B007TNIOCC","製品の真正性に関する苦情","true","false","false","2024-08-01 04:11:59","2024-08-01 04:11:59"
"ASIN","B00GVXPFJG","知財疑い：CASIO","true","false","false","2024-08-02 05:43:02","2024-08-02 05:43:02"
"BRAND","Digitech","知財","true","false","false","2024-09-04 20:48:48","2024-09-04 20:48:48"
"ASIN","B00ANH9IAI","知財疑い","true","false","false","2024-09-08 09:22:23","2024-09-08 09:22:23"
"BRAND","Electro-Harmonix","知財","true","false","false","2024-09-15 04:03:41","2024-09-15 04:03:41"
"BRAND","GodHand","知財","true","false","false","2024-09-15 04:03:59","2024-09-15 04:03:59"
"BRAND","God Hand","知財","true","false","false","2024-09-15 04:04:06","2024-09-15 04:04:06"
"BRAND","Godzila","知財","true","false","false","2024-09-15 04:04:12","2024-09-15 04:04:12"
"BRAND","Godzilla","知財","true","false","false","2024-09-15 04:04:17","2024-09-15 04:04:17"
"BRAND","KMC Music","知財","true","false","false","2024-09-15 04:04:46","2024-09-15 04:04:46"
"BRAND","Megami Tensei","知財","true","false","false","2024-09-15 04:05:15","2024-09-15 04:05:15"
"ASIN","B07NN6TBYS","知財","true","false","false","2024-09-15 04:07:17","2024-09-15 04:07:17"
"ASIN","B08FQPZCGJ","知財","true","false","false","2024-09-15 04:07:51","2024-09-15 04:07:51"
"ASIN","B08XJWJQQD","知財","true","false","false","2024-09-15 04:07:56","2024-09-15 04:07:56"
"ASIN","B01AV60KLQ","知財","true","false","false","2024-09-15 04:08:01","2024-09-15 04:08:01"
"ASIN","B00IO1NQHG","知財","true","false","false","2024-09-15 04:08:08","2024-09-15 04:08:08"
"BRAND","bandai","20240917 ホワイトリスト ユーザー依頼","true","false","true","2024-09-17 01:13:24","2024-09-17 01:13:24"
"ASIN","B07HP5SRVJ","制限対象","true","false","false","2024-09-19 10:22:55","2024-09-19 10:22:55"
"ASIN","B00IK5YS64","制限対象","true","false","false","2024-09-19 10:23:41","2024-09-19 10:23:41"
"ASIN","B098DCH4ZG","制限対象","true","false","false","2024-09-19 10:24:01","2024-09-19 10:24:01"
"ASIN","B008NYUJAG","制限対象","true","false","false","2024-09-19 10:24:26","2024-09-19 10:24:26"
"ASIN","B099Z2NJ67","制限対象","true","false","false","2024-09-19 10:24:34","2024-09-19 10:24:34"
"ASIN","B095HFPZT7","制限対象","true","false","false","2024-09-19 10:24:50","2024-09-19 10:24:50"
"ASIN","B09BYS91QG","コンプライアンス","true","false","false","2024-09-19 10:29:46","2024-09-19 10:29:46"
"ASIN","B079Y8BZXW","コンプライアンス","true","false","false","2024-09-19 10:30:04","2024-09-19 10:30:04"
"ASIN","B0CJJ61GLQ","コンプライアンス","true","false","false","2024-09-19 10:30:09","2024-09-19 10:30:09"
"ASIN","B095HT3LRJ","コンプライアンス","true","false","false","2024-09-19 10:30:18","2024-09-19 10:30:18"
"ASIN","B08X22FKW6","コンプライアンス","true","false","false","2024-09-19 10:30:23","2024-09-19 10:30:23"
"ASIN","B09H6P7V6D","制限対象","true","false","false","2024-09-24 00:01:06","2024-09-24 00:01:06"
"ASIN","B09PYMJG5L","知財","true","false","false","2024-10-01 09:14:55","2024-10-01 09:14:55"
"ASIN","B07TLLQRJM","送料オーバー","true","false","false","2024-10-02 05:05:39","2024-10-02 05:05:39"
"ASIN","B00HD1ERF8","商品違い","true","false","false","2024-10-05 21:02:13","2024-10-05 21:02:13"
"ASIN","B08WXCF2SL","送料オーバー","true","false","false","2024-10-09 08:35:43","2024-10-09 08:35:43"
"ASIN","B08FQPZCGJ","知財","true","false","false","2024-10-09 09:50:18","2024-10-09 09:50:18"
"BRAND","Claymore","知財","true","false","false","2024-10-09 09:50:36","2024-10-09 09:50:36"
"ASIN","B094F5P7BH","知財","true","false","false","2024-10-09 09:53:25","2024-10-09 09:53:25"
"ASIN","B01NBVZA3M","知財","true","false","false","2024-10-09 09:53:30","2024-10-09 09:53:30"
"ASIN","B07GPC8TP4","知財","true","false","false","2024-10-09 09:53:36","2024-10-09 09:53:36"
"ASIN","B0CT2BY154","並行品","true","false","false","2024-10-09 22:00:45","2024-10-09 22:01:22"
"ASIN","B07D9CZGNR","送料オーバー","true","false","false","2024-10-23 09:09:58","2024-10-23 09:09:58"
"ASIN","B000Y7LVES","送料オーバー","true","false","false","2024-11-01 11:12:22","2024-11-01 11:12:22"
"BRAND","supacaz","パテントトロール","true","false","false","2024-11-11 03:02:06","2024-11-11 03:02:06"
"ASIN","B09VCJ2SHD","仕入出品状況が最悪","true","false","false","2024-11-14 10:30:20","2024-11-14 10:30:20"
"ASIN","B000AR2PH4","送料オーバー","true","false","false","2024-11-25 05:03:53","2024-11-25 05:03:53"
"ASIN","B0025TMZ4I","知財","true","false","false","2024-11-29 11:07:43","2024-11-29 11:07:43"
"BRAND","Hit-Air","知財","true","false","false","2024-11-29 20:22:54","2024-11-29 20:22:54"
"ASIN","B07Q8TJ2KL","送料高","true","false","false","2024-12-06 21:44:51","2024-12-06 21:44:51"
"ASIN","B014U5ID6S","返品率高","true","false","false","2024-12-06 22:01:56","2024-12-06 22:01:56"
"ASIN","B0CFLKK7QS","DJI バッテリー空輸不可","true","false","false","2024-12-13 08:07:25","2024-12-13 08:07:25"
"ASIN","B01L8XCX3E","送料オーバー","true","false","false","2024-12-28 21:24:49","2024-12-28 21:24:49"
"ASIN","B07P2FQ8YT","送料オーバー","true","false","false","2024-12-28 21:33:07","2024-12-28 21:33:07"
"ASIN","B00NAW57O4","商品無","true","false","false","2024-12-31 22:13:15","2024-12-31 22:13:15"
"ASIN","B0C783YNW7","DJI 販売者からのメッセージ（正式な物かは不明）","true","false","false","2025-01-03 03:47:52","2025-01-03 03:47:52"
"BRAND","DJI","DJI 販売者からのメッセージ（正式な物かは不明）","true","false","false","2025-01-03 03:50:19","2025-01-03 03:50:19"
"ASIN","B000FBMR0A","送料オーバー","true","false","false","2025-01-05 23:31:55","2025-01-05 23:31:55"
"ASIN","B006PG954A","送料オーバー","true","false","false","2025-01-06 01:34:04","2025-01-06 01:34:04"
"ASIN","B000BMVIGM","送料オーバー","true","false","false","2025-01-07 08:21:25","2025-01-07 08:21:25"
"ASIN","B00AA6987K","送料オーバー","true","false","false","2025-01-17 01:40:43","2025-01-17 01:40:43"
"ASIN","B08F71TD72","知財","true","false","false","2025-01-24 02:21:10","2025-01-24 02:21:10"
"ASIN","B08F7JRZ67","知財","true","false","false","2025-01-24 02:22:12","2025-01-24 02:22:12"
"ASIN","B08F7HY65B","知財","true","false","false","2025-01-24 02:22:20","2025-01-24 02:22:20"
"ASIN","B08F6W6299","知財","true","false","false","2025-01-24 02:22:26","2025-01-24 02:22:26"
"ASIN","B00MM18UM0","送料オーバー","true","false","false","2025-01-25 00:56:55","2025-01-25 00:56:55"
"ASIN","B09R9BNNW3","知財","true","false","false","2025-01-25 13:20:33","2025-01-25 13:20:33"
"ASIN","B09R8ZY4X8","知財","true","false","false","2025-01-25 13:20:50","2025-01-25 13:20:50"
"ASIN","B0BT4J95PH","知財","true","false","false","2025-01-25 13:21:03","2025-01-25 13:21:03"
"BRAND","SHIMANO","知財","true","false","false","2025-01-25 13:39:21","2025-01-25 13:39:21"
"ASIN","B0BQHK77MZ","コンプライアンス","true","false","false","2025-01-26 00:09:39","2025-01-26 00:09:39"
"ASIN","B0BSTVNKXD","コンプライアンス","true","false","false","2025-01-26 00:09:53","2025-01-26 00:09:53"
"ASIN","B09DNXL1QT","コンプライアンス","true","false","false","2025-01-26 00:10:04","2025-01-26 00:10:04"
"ASIN","B08PSBHGZR","疑い","true","false","false","2025-01-26 21:48:22","2025-01-26 21:48:22"
"ASIN","B07SVMJDY6","疑い","true","false","false","2025-01-26 21:49:06","2025-01-26 21:49:06"
"ASIN","B01D2C09LW","疑い","true","false","false","2025-01-26 21:49:15","2025-01-26 21:49:15"
"ASIN","B09R9488XM","知財","true","false","false","2025-01-28 06:08:37","2025-01-28 06:08:37"
"ASIN","B000FNY5EE","PlayStation 訴訟","true","false","false","2025-01-30 07:14:07","2025-01-30 07:14:07"
"ASIN","B00005QBNC","PlayStation 訴訟","true","false","false","2025-01-30 07:14:20","2025-01-30 07:14:20"
"ASIN","B000FNY5EE","PlayStation 訴訟","true","false","false","2025-01-30 07:14:44","2025-01-30 07:14:44"
"ASIN","B000069TIY","PlayStation 訴訟","true","false","false","2025-01-30 07:15:03","2025-01-30 07:15:03"
"ASIN","B0759LQ7M5","PlayStation 訴訟","true","false","false","2025-01-30 07:15:19","2025-01-30 07:15:19"
"BRAND","Fluke","知財","true","false","false","2025-01-30 07:30:24","2025-01-30 07:30:24"
"ASIN","B0CGDV1D3B","知財","true","false","false","2025-01-31 06:48:55","2025-01-31 06:48:55"
"BRAND","WABLADE","知財","true","false","false","2025-01-31 06:49:14","2025-01-31 06:49:14"
"BRAND","Black Mountain","知財","true","false","false","2025-02-01 20:19:18","2025-02-01 20:19:18"
"ASIN","B07BTFMBMV","送料オーバー","true","false","false","2025-02-03 17:25:14","2025-02-03 17:25:14"
"ASIN","4774791369","制限対象","true","false","false","2025-02-08 06:19:43","2025-02-08 06:19:43"
"ASIN","4823600320","制限対象","true","false","false","2025-02-08 06:20:06","2025-02-08 06:20:06"
"ASIN","B0000645P3","古い","true","false","false","2025-02-21 22:24:28","2025-02-21 22:24:28"
"BRAND","PILOT","知財","true","false","false","2025-03-05 01:34:38","2025-03-05 01:34:38"
"BRAND","BANDAI SPIRITS","知財","true","false","false","2025-03-05 01:49:01","2025-03-05 01:49:01"
"BRAND","UNIVERSAL","知財","true","false","false","2025-03-05 01:54:21","2025-03-05 01:54:21"
"ASIN","B00TX0O8QK","コンプライアンス","true","false","false","2025-03-05 02:00:26","2025-03-05 02:00:26"
"ASIN","B0BMT6MV5H","コンプライアンス","true","false","false","2025-03-05 02:02:03","2025-03-05 02:02:03"
"ASIN","B08Z7FFYCZ","コンプライアンス","true","false","false","2025-03-05 02:04:01","2025-03-05 02:04:01"
"ASIN","B07QGZY6XZ","コンプライアンス","true","false","false","2025-03-05 02:05:33","2025-03-05 02:05:33"
"ASIN","B00EYSOSE8","コンプライアンス","true","false","false","2025-03-05 02:10:23","2025-03-05 02:10:23"
"ASIN","B0BBVL3TXH","コンプライアンス","true","false","false","2025-03-05 02:11:37","2025-03-05 02:11:37"
"ASIN","B07238WLBF","コンプライアンス","true","false","false","2025-03-05 02:12:35","2025-03-05 02:12:35"
"ASIN","B0797JNZ91","コンプライアンス","true","false","false","2025-03-05 02:14:33","2025-03-05 02:14:33"
"ASIN","B08DQ157LT","コンプライアンス","true","false","false","2025-03-05 02:16:31","2025-03-05 02:16:31"
"ASIN","B07JYHSQZD","コンプライアンス","true","false","false","2025-03-05 02:17:00","2025-03-05 02:17:00"
"ASIN","B07RSR4LBC","コンプライアンス","true","false","false","2025-03-05 02:17:56","2025-03-05 02:17:56"
"ASIN","B07VZF71XR","コンプライアンス","true","false","false","2025-03-05 02:19:58","2025-03-05 02:19:58"
"ASIN","B095HDS3C4","コンプライアンス","true","false","false","2025-03-05 02:20:20","2025-03-05 02:20:20"
"ASIN","B08BP8XP4H","コンプライアンス","true","false","false","2025-03-05 02:21:29","2025-03-05 02:21:29"
"ASIN","B09WHHYMGY","コンプライアンス","true","false","false","2025-03-05 02:22:43","2025-03-05 02:22:43"
"ASIN","B09DP7ZV6M","コンプライアンス","true","false","false","2025-03-05 02:22:53","2025-03-05 02:22:53"
"ASIN","B0CJJ9TF1B","コンプライアンス","true","false","false","2025-03-05 02:25:03","2025-03-05 02:25:03"
"ASIN","B099K2FP66","コンプライアンス","true","false","false","2025-03-05 02:25:09","2025-03-05 02:25:09"
"ASIN","B08DPYQDQY","コンプライアンス","true","false","false","2025-03-05 02:25:14","2025-03-05 02:25:14"
"ASIN","B0BZCMNNSJ","コンプライアンス","true","false","false","2025-03-05 02:25:21","2025-03-05 02:25:21"
"ASIN","B07VJNSTGK","コンプライアンス","true","false","false","2025-03-05 02:26:54","2025-03-05 02:26:54"
"ASIN","B09R1SC8LR","コンプライアンス","true","false","false","2025-03-05 02:28:56","2025-03-05 02:28:56"
"ASIN","B07T3Z14WF","コンプライアンス","true","false","false","2025-03-05 02:29:01","2025-03-05 02:29:01"
"ASIN","B095HCQJ7Y","コンプライアンス","true","false","false","2025-03-05 02:29:59","2025-03-05 02:29:59"
"ASIN","B09YGP7NC3","コンプライアンス","true","false","false","2025-03-05 02:31:13","2025-03-05 02:31:13"
"ASIN","B06VXFSQZL","SDS必要","true","false","false","2025-03-13 22:27:12","2025-03-13 22:27:12"
"ASIN","B07VTL9CCR","FCC","true","false","false","2025-03-20 03:52:09","2025-03-20 03:52:09"
"ASIN","B07D8RLYTK","コンプラ","true","false","false","2025-03-20 09:33:57","2025-03-20 09:33:57"
"ASIN","B08TRXVRRN","コンプラ","true","false","false","2025-03-20 09:34:25","2025-03-20 09:34:25"
"ASIN","B09YD3J7TQ","SEIKO 制限対象","true","false","false","2025-03-21 22:21:30","2025-03-21 22:21:30"
"ASIN","B07NBV3T98","コンプラ","true","false","false","2025-03-22 22:54:18","2025-03-22 22:54:18"
"ASIN","B002HEXKU4","コンプラ","true","false","false","2025-03-22 22:56:08","2025-03-22 22:56:08"
"ASIN","B0BKKQPJ12","？","true","false","false","2025-03-22 23:12:01","2025-03-22 23:12:01"
"ASIN","B009JZXQV2","知財疑い","true","false","false","2025-04-02 00:35:44","2025-04-02 00:35:44"
"ASIN","B00AFN7MIA","コンプラ","true","false","false","2025-04-03 01:42:48","2025-04-03 01:42:48"
"BRAND","Ergotron","知財","true","false","false","2025-04-11 01:11:34","2025-04-11 01:11:34"
"ASIN","B00358RFJ8","Ergotron知財","true","false","false","2025-04-11 01:34:15","2025-04-11 01:34:15"
"ASIN","B07516GL7J","Ergotron知財","true","false","false","2025-04-11 01:35:30","2025-04-11 01:35:30"
"ASIN","B00X3H0V3S","Ergotron知財","true","false","false","2025-04-11 01:36:03","2025-04-11 01:36:03"
"ASIN","B00358RIRC","Ergotron知財","true","false","false","2025-04-11 01:36:35","2025-04-11 01:36:35"
"BRAND","OUPINKE","メーカー直売","true","false","false","2025-05-02 08:04:02","2025-05-02 08:04:02"
"ASIN","B0CGD78G85","コンプライアンス","true","false","false","2025-05-02 08:37:22","2025-05-02 08:37:22"
"ASIN","B0DKW6BCZ6","コンプライアンス","true","false","false","2025-05-02 08:37:53","2025-05-02 08:37:53"
"BRAND","ASRock","ASRock USA直売","true","false","false","2025-05-04 06:59:56","2025-05-04 06:59:56"
"BRAND","Pearl","知財","true","false","false","2025-05-07 01:00:33","2025-05-07 01:00:33"
"ASIN","B000B8PPHO","送料オーバー","true","false","false","2025-05-18 22:28:44","2025-05-18 22:28:44"
"ASIN","B000Y7PYPU","知財","true","false","false","2025-05-19 02:26:55","2025-05-19 02:26:55"
"ASIN","B000Y7PYPU","知財","true","false","false","2025-05-19 02:26:55","2025-05-19 02:26:55"
"ASIN","B000YNDHOO","知財","true","false","false","2025-05-19 02:27:10","2025-05-19 02:27:10"
"ASIN","B0018T6MKY","知財","true","false","false","2025-05-19 02:27:20","2025-05-19 02:27:20"
"ASIN","B001J8RR2Q","知財","true","false","false","2025-05-19 02:27:26","2025-05-19 02:27:26"
"ASIN","B0028GFG1C","知財","true","false","false","2025-05-19 02:27:31","2025-05-19 02:27:31"
"ASIN","B0042495M4","知財","true","false","false","2025-05-19 02:27:36","2025-05-19 02:27:36"
"ASIN","B0046ZT6KA","知財","true","false","false","2025-05-19 02:27:40","2025-05-19 02:27:40"
"ASIN","B00CO5NGBE","知財","true","false","false","2025-05-19 02:27:44","2025-05-19 02:27:44"
"ASIN","B00CU8G0WM","知財","true","false","false","2025-05-19 02:27:48","2025-05-19 02:27:48"
"ASIN","B01N6SXEDZ","知財","true","false","false","2025-05-19 02:27:54","2025-05-19 02:27:54"
"ASIN","B08LVQB5F7","知財疑い","true","false","false","2025-05-20 22:00:34","2025-05-20 22:00:34"
"ASIN","B07HHBBG25","知財疑い","true","false","false","2025-05-21 03:16:45","2025-05-21 03:16:45"
"ASIN","B07HHBBG25","知財疑い","true","false","false","2025-05-21 03:16:45","2025-05-21 03:16:45"
"ASIN","B0743DR15V","コンプラ","true","false","false","2025-05-24 00:43:01","2025-05-24 00:43:01"
"ASIN","B008TLF3JK","FCC ID","true","false","false","2025-06-01 00:14:13","2025-06-01 00:14:13"
"ASIN","B001DUCZP4","仕入遅い","true","false","false","2025-07-02 05:48:44","2025-07-02 05:48:44"
"BRAND","Too","知財","true","false","false","2025-07-06 06:48:57","2025-07-06 06:48:57"
"BRAND","BlackMountain","知財","true","false","false","2025-07-06 06:51:33","2025-07-06 06:51:33"
"BRAND","Marimocraft","知財","true","false","false","2025-07-06 06:51:52","2025-07-06 06:51:52"
"BRAND","Kitchen Star","知財","true","false","false","2025-07-06 06:52:09","2025-07-06 06:52:09"
"BRAND","KitchenStar","知財","true","false","false","2025-07-06 06:52:12","2025-07-06 06:52:12"
"ASIN","B0BSTVBCTR","CASIO 品薄","true","false","false","2025-07-13 03:54:28","2025-07-13 03:54:28"
"ASIN","B0B72HZHLG","Panasonic　規約違反","true","false","false","2025-07-17 21:33:17","2025-07-17 21:33:17"
"ASIN","B0BZCJPDY1","知財疑い","true","false","false","2025-07-18 02:47:58","2025-07-18 02:47:58"
"BRAND","パナソニック","規約違反","true","false","false","2025-07-18 19:27:54","2025-07-18 19:27:54"
"BRAND","Panasonic","規約違反","true","false","false","2025-07-18 19:28:25","2025-07-18 19:28:25"
"ASIN","B0911RTL4X","キーボード記載間違い購入者あり","true","false","false","2025-07-19 03:15:17","2025-07-19 03:15:17"
"ASIN","B0BNGVPQX3","Gourmandise","true","false","false","2025-07-23 02:58:31","2025-07-23 02:58:31"
"BRAND","Gourmandise","知財","true","false","false","2025-07-23 02:58:47","2025-07-23 02:58:47"
"ASIN","B0BHMT1ZBV","知財疑い","true","false","false","2025-07-24 11:02:23","2025-07-24 11:02:23"
"ASIN","B08JCD6YS7","知財疑い","true","false","false","2025-07-25 23:19:43","2025-07-25 23:19:43"
"BRAND","BUSHIROAD","知財","true","false","false","2025-07-26 21:27:49","2025-07-26 21:27:49"
"BRAND","Ko-ken","山下工業　Ko-ken","true","false","false","2025-07-28 09:52:49","2025-07-28 09:52:49"
"BRAND","山下工業","山下工業　Ko-ken","true","false","false","2025-07-28 09:53:00","2025-07-28 09:53:00"
"ASIN","B004IKQAAC","山下工業　Ko-ken","true","false","false","2025-07-28 09:53:10","2025-07-28 09:53:10"
"ASIN","B004IKQC0A","山下工業　Ko-ken","true","false","false","2025-07-28 09:53:26","2025-07-28 09:53:26"
"ASIN","B004086ROG","質悪","true","false","false","2025-07-28 21:32:37","2025-07-28 21:32:37"
"ASIN","B0002CETEO","規約違反","true","false","false","2025-08-04 22:23:46","2025-08-04 22:23:46"
"ASIN","B002EL47B6","Korg","true","false","false","2025-08-08 00:44:27","2025-08-08 00:44:27"
"ASIN","B08BXCXP4T","送料オーバー","true","false","false","2025-08-12 05:52:31","2025-08-12 05:52:31"
"ASIN","B0DJBD7SYB","コンプラ","true","false","false","2025-08-24 21:43:39","2025-08-24 21:43:39"
"ASIN","B07QGZY6ZD","コンプラ","true","false","false","2025-09-02 00:13:03","2025-09-02 00:13:03"
"ASIN","B009S13V1C","コンプラ","true","false","false","2025-09-02 00:13:10","2025-09-02 00:13:10"
"ASIN","B09BCNGPZX","規約違反","true","false","false","2025-09-29 23:14:15","2025-09-29 23:14:15"
"BRAND","Skater","知財","true","false","false","2025-11-04 05:34:13","2025-11-04 05:34:13"
"ASIN","B0CVNZZ8KS","知財","true","false","false","2025-11-04 05:34:21","2025-11-04 05:34:21"
"ASIN","B01IS8EJN4","知財","true","false","false","2025-11-04 05:34:28","2025-11-04 05:34:28"
"ASIN","B0BLXKS3CH","知財","true","false","false","2025-11-04 05:34:36","2025-11-04 05:34:36"
"ASIN","B004I443N4","コンプラ","true","false","false","2026-01-11 23:27:10","2026-01-11 23:27:10"
"ASIN","B001AX5SQ2","コンプラ","true","false","false","2026-01-27 22:53:53","2026-01-27 22:53:53"
"ASIN","B09H6NRXN8","コンプラ","true","false","false","2026-01-27 22:54:12","2026-01-27 22:54:12"
"BRAND","V-MODA","メーカー警告","true","false","false","2026-02-21 08:47:50","2026-02-21 08:47:50"
"BRAND","ARTISAN","メーカー警告","true","false","false","2026-03-05 06:19:54","2026-03-05 06:19:54"
"BRAND","IQUNIX","メーカー警告","true","false","false","2026-03-08 02:06:50","2026-03-08 02:06:50"
