ASIN,SKU
B0001M6IBC,
B0001RBJ98,
B00023GUFY,
B00023S4VC,
B00026YTMC,
B0002CET5S,
B0002CET8K,
B0002CET8U,
B0002CETAI,
B0002CETEE,
B0002CETEO,
B0002CETEY,
B0002CZQSC,
B0002CZRMC,
B0002CZRN6,
B0002D0316,
B0002D03LG,
B0002D03NE,
B0002D06Y0,
B0002D0708,
B0002D0C5I,
B0002D0IU2,
B0002D0KRI,
B0002D0M2Q,
B0002DVBFI,
B0002DVCAM,
B0002DVDQ0,
B0002E1F9O,
B0002E1IW8,
B0002E1OX6,
B0002E1P0I,
B0002E2ACK,
B0002E2AFC,
B0002E2AHA,
B0002E2AJS,
B0002E2DRW,
B0002E2KJS,
B0002E2Z98,
B0002E3MCW,
B0002E3MHM,
B0002EWU52,
B0002F51Y8,
B0002F54DQ,
B0002F5ASA,
B0002F5GZW,
B0002F6RUA,
B0002F6RUK,
B0002FO4NC,
B0002FSBLI,
B0002GO4MM,
B0002GTAF8,
B0002GXIMO,
B0002GXQ2Q,
B0002H0LZK,
B0002H0M9K,
B0002HYEG2,
B0002HYFJI,
B0002HZTXE,
B0002HZTXO,
B0002IHNA0,
B0002L055C,
B0002MSA3U,
B0002MSQVQ,
B0002NN3FY,
B0002U3CTO,
B0002YMUAC,
B0006229TC,
B00065UXI8,
B00065UZEK,
B00065UZMC,
B00065UZRM,
B00065UZS6,
B00065V0UI,
B00068MYLY,
B000695AO6,
B0006FGYEK,
B0006MQ1HS,
B00074IITO,
B00078MGPM,
B00078MGT8,
B00078MGWK,
B00078MHLK,
B00078MHN8,
B00078MHNI,
B00078MHNS,
B00078MHO2,
B00078MHOC,
B0007CM3EC,
B0007G8CBQ,
B0007KS7D0,
B0007MSV52,
B0007QC2U8,
B0007TF9Y6,
B0007TJ5IW,
B0007W1FRS,
B0007WAEQQ,
B0007WHYS2,
B0007WU6I2,
B0007Y2CYG,
B0008238XG,
B0009324GG,
B00095VIMU,
B000960KNW,
B0009K94L2,
B0009NUOUE,
B0009QX232,
B0009RCQFQ,
B0009V1G44,
B0009VY07Y,
B000A1BD96,
B000AD7C6W,
B000AMHVQY,
B000AQQVPC,
B000AQXZME,
B000AQY1GS,
B000AQY1H2,
B000AQY1HC,
B000AQY1HM,
B000AQY1HW,
B000AR3DPW,
B000ARO4P0,
B000ARSM2Q,
B000BAE0YG,
B000BAQS3C,
B000BPM9U8,
B000BQQP52,
B000BQWXRG,
B000BT8NN6,
B000BUPSEC,
B000BURCC8,
B000BVOP6I,
B000BWCCG2,
B000BX68JS,
B000BYXZFC,
B000CCSX0U,
B000CEAX7O,
B000CED1NC,
B000CEF5HC,
B000CNOXGC,
B000CO8V7S,
B000COCO3K,
B000COUMY8,
B000CPGYTY,
B000CQBKBA,
B000CQEPKI,
B000CQFW14,
B000CSH760,
B000DENXHU,
B000DZGY1Q,
B000E3UNHS,
B000E815C0,
B000E8VVAQ,
B000EBFWY4,
B000EBK92O,
B000EC4MPI,
B000EEHBM2,
B000EEHF8C,
B000EEHOHE,
B000EEJ75G,
B000EEJBB6,
B000EEJBBQ,
B000EEL58I,
B000EELGVO,
B000EEN9I2,
B000EENKIQ,
B000EHQXNW,
B000EMH9L2,
B000EPE7F0,
B000ESH6D2,
B000ET20PU,
B000FCGDAE,
B000FHI9AQ,
B000FHIB54,
B000FHIB5E,
B000FHIB90,
B000FHQ3M2,
B000FHTHMA,
B000FHV42G,
B000FHV43U,
B000FHV462,
B000FHV53O,
B000FHV5B6,
B000FHV5CK,
B000FHV5DO,
B000FHV5IE,
B000FHV6B0,
B000FHV6E2,
B000FHV8JK,
B000FHV8JU,
B000FHV8QI,
B000FHV8WW,
B000FHV8XG,
B000FIHCP8,
B000FKIPE8,
B000FL571Q,
B000FNTM2Y,
B000FQMRRI,
B000FVRI36,
B000FVRI3G,
B000GALIFK,
B000GAZ5ZE,
B000GCFJ8A,
B000GHHE4W,
B000GM0MZU,
B000GO9Y1Q,
B000GSLAOQ,
B000GSMFUE,
B000H134XC,
B000H2DAXA,
B000HB00CA,
B000HIR20Q,
B000I0S6OE,
B000I2IVO2,
B000IGKOEI,
B000IN8GH8,
B000IOFO5E,
B000J4520A,
B000JLSMQO,
B000JMKC48,
B000JZYW7I,
B000K01ZJK,
B000K6B59Y,
B000KGVN96,
B000KK7VCK,
B000KOPB64,
B000M2DK8K,
B000MPMHKY,
B000MPPY2M,
B000MWW8QA,
B000N2DHQ4,
B000N3O2F8,
B000N3SY16,
B000N3TX7K,
B000N5BQDC,
B000N8TKZA,
B000N908SC,
B000ND0EGY,
B000NHHEUY,
B000NI1BQQ,
B000NI3Y3Y,
B000NIOF2S,
B000NIOF6O,
B000NIOFXM,
B000NIQH5G,
B000NIQH60,
B000NIQHRY,
B000NIRL60,
B000NMRWMO,
B000NO564S,
B000NTQL7Y,
B000NTQL88,
B000NWDD4A,
B000NZBQIM,
B000NZBQJQ,
B000O16QBW,
B000O8DBMC,
B000OAHYKA,
B000ONJAY0,
B000OTOT22,
B000OTPR7S,
B000OY297Y,
B000P34R06,
B000P4FBQO,
B000P4FLAK,
B000P7XBTU,
