"ASIN","Brand","Result"
"B0DKR8753D","クリアターン","△"
"B0DKTF12SL","Nagao","△"
"B0DKW7D5PJ","Atlas","◯"
"B0DKWDWGC3","Atlas","◯"
"B0DKWLBLFC","Atlas","◯"
"B0DKWNQXST","Atlas","◯"
"B0DKXPGGKW","TAKEY","◯"
"B0DLBW339P","SEGA","△"
"B0DLK8J61V","BANDAI","△"
"B0DLKHZG2R","imaa","◯"
"B0DLWY9GY7","宏 HIROSHI","◯"
"B0DM1VGXT8","SHIMANO","△"
"B0DM1VGY4Y","ottostyle","◯"
"B0DM2259RB","Ladfrol","◯"
"B0DM22RTGR","Ladfrol","◯"
"B0DMBSQB5J","Zach Top","◯"
"B0DMF6R5YY","Inateck","△"
"B0DMQZTK73","dinos(ディノス)","△"
"B0DMSSBBMQ","RANX INGST","◯"
"B0DMSSGGB1","RANX INGST","◯"
"B0DMSSWDWX","RANX INGST","◯"
"B0DN268YXB","Zach Top","◯"
"B0DN5S5X96","Guyyelt","◯"
"B0DN5V1BBX","Guyyelt","◯"
"B0DN5X6HX2","Guyyelt","◯"
"B0DN5Y8YW3","Guyyelt","◯"
"B0DN5YBPX1","CAROTE","△"
"B0DN5YCNFJ","Guyyelt","◯"
"B0DN6GXJMY","Nicheez","◯"
"B0DN6HQSMY","Nicheez","◯"
"B0DN6HSBD4","Nicheez","◯"
"B0DNCX59T8","TAMASHII NATIONS","△"
"B0DNJ413GG","Kalita","△"
"B0DNJHCS7M","Yosugi","◯"
"B0DNJLCRMF","Yosugi","◯"
"B0DNM9WB9Y","Awada","◯"
"B0DNMLQRN9","THERMOS","△"
"B0DNMR927B","THERMOS","△"
"B0DNV4FC7Y","Magic: The Gathering","△"
"B0DNVR6RN4","FENGFENG","◯"
"B0DNYQ8GWV","HEAD","△"
"B0DP61GX5Z","GDUOD","◯"
"B0DP6Y7GYN","NIGOE","◯"
"B0DP6ZNBQK","NIGOE","◯"
"B0DP963RKS","Baifuduo","◯"
"B0DP9CDLHF","KazeSo","◯"
"B0DPHLTY6C","ワイズ","◯"
"B0DPHMWY5H","ワイズ","◯"
"B0DPK5WLMT","Maxytech","◯"
"B0DPKK8L8B","Lemnos（レムノス）","◯"
"B0DPKKPR8R","Lemnos（レムノス）","◯"
"B0DPLXKK91","WAHEI FREIZ","△"
"B0DPM9D94K","qiyue","◯"
"B0DPMF4JFW","qiyue","◯"
"B0DPMF9Y55","qiyue","◯"
"B0DPPMR98J","WAHEI FREIZ","△"
"B0DPPXG88B","SHUIII","◯"
"B0DPPYQC41","SHUIII","◯"
"B0DPWW578D","SVOHZAV","◯"
"B0DPYLV1J1","Re-Ment","△"
"B0DPZBPNMQ","RIDEA","◯"
"B0DQ2CS86W","InnerSleeve","◯"
"B0DQ4WZJHZ","pearl metal","△"
"B0DQ54GZNG","ENSEMBLY","◯"
"B0DQFVRXY8","Bxzzuis","◯"
"B0DQFYKSKX","Bxzzuis","◯"
"B0DQFZ8N41","Bxzzuis","◯"
"B0DQFZZMSJ","Bxzzuis","◯"
"B0DQG26245","Bxzzuis","◯"
"B0DQKT96J1","Aniplex","△"
"B0DQLQMWVY","Zach Top","◯"
"B0DQW8L61M","pearl metal","△"
"B0DQWL3986","","◯"
"B0DR1WH1M7","NEEWER","△"
"B0DR7TLNWB","Inateck","△"
"B0DR8BDP73","SONY MUSIC","△"
"B0DRNGQ3TW","Arnest","△"
"B0DRNHSP1K","Arnest","△"
"B0DRNHTY98","Arnest","△"
"B0DRNJ588C","Arnest","△"
"B0DRNKSVDX","Arnest","△"
"B0DRNM27HJ","Arnest","△"
"B0DRNVN1QP","Apaeofl","◯"
"B0DRS6SDN1","Poyway","◯"
"B0DRVH667B","CAROTE","△"
"B0DRVRH59S","Arfobug","◯"
"B0DRVSGTFY","Arfobug","◯"
"B0DSCMH3R7","Zach Top","◯"
"B0DSCWDHK4","Tecnifibre","△"
"B0DSJ4X4FL","Brfveob","◯"
"B0DSJ5K291","Brfveob","◯"
"B0DSKD1FB2","Apaeofl","◯"
"B0DSPF2DSK","COZENTA","◯"
"B0DSPFP1GR","COZENTA","◯"
"B0DSPT5D5X","Gtzbciv","◯"
"B0DSPVKCWX","Gtzbciv","◯"
"B0DSPVP4D3","Gtzbciv","◯"
"B0DT6J4BBX","honjien","◯"
"B0DT9LK1FT","UR.SALON","◯"
"B0DT9N1LS6","UR.SALON","◯"
"B0DTHD8TLQ","Francfranc","◯"
"B0DTHVL7CK","KYEZOL","◯"
"B0DTHW33TN","KYEZOL","◯"
"B0DTP1XL4L","Inateck","△"
"B0DTPXBHM6","konciwa","◯"
"B0DTXYN6N5","","◯"
"B0DV3HJ4ZC","Wtrgas","◯"
"B0DV3J8FJ4","Wtrgas","◯"
"B0DVBPR4M2","北の快適工房","◯"
"B0DVPW9ZW7","TCG","◯"
"B0DVSC3DMD","mont-bell(モンベル)","△"
"B0DVSCFVFN","mont-bell(モンベル)","△"
"B0DVSCMXT1","mont-bell(モンベル)","△"
"B0DVYNM4TY","Tiger","△"
"B0DVYYM2N1","Tiger","△"
"B0DVYYM7DH","Tiger","△"
"B0DVYYWTX1","Tiger","△"
"B0DVYZB2ZN","Tiger","△"
"B0DVZ13QR1","Tiger","△"
"B0DVZ3X8V7","Tiger","△"
"B0DVZ3ZYZT","Tiger","△"
"B0DW1KRHS7","PowerColor","△"
"B0DW3MYWHV","mont-bell(モンベル)","△"
"B0DW3RS3DF","mont-bell(モンベル)","△"
"B0DW41MJMZ","Whisper","△"
"B0DWMPM37R","Arnest","△"
"B0DWMSHV2M","Arnest","△"
"B0DWMWJPDD","ＬＵＣＫＹＢＥＥ","◯"
"B0DWWP2NXH","Arfobug","◯"
"B0DXDWFDSM","Inateck","△"
"B0DXK5D53T","FUJIHORO","△"
"B0DXL2SYBS","Gtzbciv","◯"
"B0DXL3XBM2","Gtzbciv","◯"
"B0DXL598KN","arboleaf","◯"
"B0DXP61TTC","Sythdio Myth","◯"
"B0DXP9KMVL","CAROTE","△"
"B0DXPJQ61S","CAROTE","△"
"B0DXPQPK3S","Arnest","△"
"B0DXPWCHBD","CAROTE","△"
"B0DXQ6QMZ3","kxptso","◯"
"B0DXZCRN4N","pearl metal","△"
"B0DY1JHXHL","Homirio","◯"
"B0DY7H7MBD","Inateck","△"
"B0DYDHKKQR","Nuovoware","◯"
"B0DYDL8G4Q","IMABARIFACTORY.","◯"
"B0DYDQL2ZG","Guyyelt","◯"
"B0DYDQNJKN","DWCQRTM","◯"
"B0DYDRKPF5","Guyyelt","◯"
"B0DYDS22V2","Guyyelt","◯"
"B0DYDVSC2W","DWCQRTM","◯"
"B0DYDX5PFF","SinfoniaA","◯"
"B0DYK7237B","TCG","◯"
"B0DYK7DN7W","TCG","◯"
"B0DYK968K1","TCG","◯"
"B0DYSY6D76","スロウワー(SLOWER)","△"
"B0DYV5KCDX","Kaziro","◯"
"B0DYV66RZM","Kaziro","◯"
"B0DYV88BF1","Kaziro","◯"
"B0DZ1WNXZD","mont-bell(モンベル)","△"
"B0DZ24KW4K","雲見","◯"
"B0DZ274QGK","coolker","◯"
"B0DZ5X9XCC","Doshisha","△"
"B0DZCL6PRJ","Jopsavm","◯"
"B0DZFTK6RD","山研工業","◯"
"B0DZHDP7Z3","Arfobug","◯"
"B0DZNC28RW","Yobuisg","◯"
"B0DZNK74LF","Yobuisg","◯"
"B0DZNSH8SR","Yobuisg","◯"
"B0F1CK132T","Qobvoeh","◯"
"B0F1CNVQMY","Qobvoeh","◯"
"B0F1CT3R7N","Qobvoeh","◯"
"B0F1DD6QNM","DrivEx","◯"
"B0F1JWMY57","Dtnw","◯"
"B0F1JZ3VYX","Dtnw","◯"
"B0F1MCVL3V","DrivEx","◯"
"B0F1SZY5QP","Deronder","◯"
"B0F1TC3D6D","Fresh Produce","△"
"B0F1TWC7YB","TAKEY","◯"
"B0F21VQ2KS","FYDN","◯"
"B0F21VT363","FYDN","◯"
"B0F21WDG2C","FYDN","◯"
"B0F21XMNTT","FYDN","◯"
"B0F245Q56F","Diexgiy","◯"
"B0F246XPMV","Diexgiy","◯"
"B0F24767GR","Diexgiy","◯"
"B0F2FK5FLM","Nihig","◯"
"B0F2FL6PVQ","Nihig","◯"
"B0F2H4B96B","KIPLING KIPLING","△"
"B0F2M9JKNT","Cleansui","△"
"B0F2QWMW81","JSAUX","△"
"B0F2QWQLZQ","JSAUX","△"
"B0F2ZSDF67","Nihig","◯"
"B0F2ZTMQJS","Nihig","◯"
"B0F3HD245M","Bynar","◯"
"B0F3HT8D72","MENLITE","◯"
"B0F3HXFY2T","Bynar","◯"
"B0F3J5P8ZZ","Bynar","◯"
"B0F3JKY4XN","Youlines","◯"
"B0F3JLC2KZ","Youlines","◯"
"B0F3JLDJD3","Youlines","◯"
"B0F3JLDZ7T","Youlines","◯"
"B0F3JMT6MF","Youlines","◯"
"B0F4MMC9XZ","Kiwet","◯"
"B0F4MMMXKG","Kiwet","◯"
"B0F4MQR84B","Kiwet","◯"
"B0F4X7572D","Snow Peak","△"
"B0F4X96Y1P","Snow Peak","△"
"B0F4X972QL","Snow Peak","△"
"B0F4X9QM8G","Snow Peak","△"
"B0F534JS17","Tufduzo","◯"
"B0F539Z3X3","KazeSo","◯"
"B0F5BB3D2Z","Ambety","◯"
"B0F5BBDG48","Ambety","◯"
"B0F5WRZBJQ","Snow Peak","△"
"B0F66HTHB9","Emuia","◯"
"B0F66VB4BT","Emuia","◯"
"B0F66VF1VL","Emuia","◯"
"B0F6C5H8P7","Kiwet","◯"
"B0F6C9BW93","Kiwet","◯"
"B0F6KBRMBV","Conutoo","◯"
"B0F6KP2GVX","LINKIN PARK UNDERGROUND","◯"
"B0F6LKX8R1","BQQB","◯"
"B0F6LV7F4H","Conutoo","◯"
"B0F6LWMMQB","Conutoo","◯"
"B0F6MG895Z","Ambety","◯"
"B0F6MHWKK7","Ambety","◯"
"B0F6TBJ16S","Conutoo","◯"
"B0F6X6X8FC","BQQB","◯"
"B0F6XL5G6R","Aeroor","◯"
"B0F7DT2WZV","Nihig","◯"
"B0F7S8R8JF","Universal Import","◯"
"B0FBGYHXXZ","Fixoshine","◯"