ASIN,Brand,Price,URL,Title
B00AJUZZ3I,,8.02,https://www.amazon.com/Genuine-Honda-15845-RAA-A01-Filter-Assembly/dp/B00AJUZZ3I/ref=sr_1_1?dib=eyJ2IjoiMSJ9.Ol2S-_m1FH9d9vMWt3ginYA6urC8d6Nc7IRDmfqXQE2fIWTg45pJRZH_gRHbNL1-67ZK3iJXg4FXYySr9NHRZXmGrnK6UqhCviuJw5bNKqiqoALhKl8GMIwCiQfcv9dYiGGgH_2bv4mrhoMYceAidMQ26uxrRz-RaRnPEcYWfUNKkXwyQKfvrBOjGv4TxBIUotwI0zvCy8sFv-k0RMiyq2XMmyJErRaeEawjIAHJ0hQ.HUocS4NzqL8tHHUMTjpnS1nV5wdiKdUF4wru_UbxSIk&dib_tag=se&m=AY7ME5GEW4KDZ&marketplaceID=ATVPDKIKX0DER&qid=1759567001&refinements=p_36%3A0-1000&refresh=1&s=merchant-items&sr=1-1#customerReviews,Genuine Honda 15845-RAA-A01 Vtc Filter Assembly
B09VKTBKMS,,10.0,https://www.amazon.com/BANDAI-One-Piece-TCG-%E3%80%90ST-01%E3%80%91%EF%BC%88Japanese%EF%BC%89/dp/B09VKTBKMS/ref=sr_1_2?dib=eyJ2IjoiMSJ9.Ol2S-_m1FH9d9vMWt3ginYA6urC8d6Nc7IRDmfqXQE2fIWTg45pJRZH_gRHbNL1-67ZK3iJXg4FXYySr9NHRZXmGrnK6UqhCviuJw5bNKqiqoALhKl8GMIwCiQfcv9dYiGGgH_2bv4mrhoMYceAidMQ26uxrRz-RaRnPEcYWfUNKkXwyQKfvrBOjGv4TxBIUotwI0zvCy8sFv-k0RMiyq2XMmyJErRaeEawjIAHJ0hQ.HUocS4NzqL8tHHUMTjpnS1nV5wdiKdUF4wru_UbxSIk&dib_tag=se&m=AY7ME5GEW4KDZ&marketplaceID=ATVPDKIKX0DER&qid=1759567001&refinements=p_36%3A0-1000&refresh=1&s=merchant-items&sr=1-2#customerReviews,BANDAI One Piece TCG:Straw Hat Crew Starter Deck 【ST-01】（Japanese）
B07R9NZW1B,,8.8,https://www.amazon.com/Decoy-DT-1-Rubber-Threader/dp/B07R9NZW1B/ref=sr_1_3?dib=eyJ2IjoiMSJ9.Ol2S-_m1FH9d9vMWt3ginYA6urC8d6Nc7IRDmfqXQE2fIWTg45pJRZH_gRHbNL1-67ZK3iJXg4FXYySr9NHRZXmGrnK6UqhCviuJw5bNKqiqoALhKl8GMIwCiQfcv9dYiGGgH_2bv4mrhoMYceAidMQ26uxrRz-RaRnPEcYWfUNKkXwyQKfvrBOjGv4TxBIUotwI0zvCy8sFv-k0RMiyq2XMmyJErRaeEawjIAHJ0hQ.HUocS4NzqL8tHHUMTjpnS1nV5wdiKdUF4wru_UbxSIk&dib_tag=se&m=AY7ME5GEW4KDZ&marketplaceID=ATVPDKIKX0DER&qid=1759567001&refinements=p_36%3A0-1000&refresh=1&s=merchant-items&sr=1-3#customerReviews,Decoy DT-1 Rubber Threader (5369)
4065242517,Comics,10.0,https://www.amazon.com/%E3%81%A1%E3%81%84%E3%81%8B%E3%82%8F-%E3%81%AA%E3%82%93%E3%81%8B%E5%B0%8F%E3%81%95%E3%81%8F%E3%81%A6%E3%81%8B%E3%82%8F%E3%81%84%E3%81%84%E3%82%84%E3%81%A4-%E3%83%AF%E3%82%A4%E3%83%89KC-%E3%82%B3%E3%83%9F%E3%83%83%E3%82%AF-PlayStation-4/dp/4065242517/ref=sr_1_4?dib=eyJ2IjoiMSJ9.Ol2S-_m1FH9d9vMWt3ginYA6urC8d6Nc7IRDmfqXQE2fIWTg45pJRZH_gRHbNL1-67ZK3iJXg4FXYySr9NHRZXmGrnK6UqhCviuJw5bNKqiqoALhKl8GMIwCiQfcv9dYiGGgH_2bv4mrhoMYceAidMQ26uxrRz-RaRnPEcYWfUNKkXwyQKfvrBOjGv4TxBIUotwI0zvCy8sFv-k0RMiyq2XMmyJErRaeEawjIAHJ0hQ.HUocS4NzqL8tHHUMTjpnS1nV5wdiKdUF4wru_UbxSIk&dib_tag=se&m=AY7ME5GEW4KDZ&marketplaceID=ATVPDKIKX0DER&qid=1759567001&refinements=p_36%3A0-1000&refresh=1&s=merchant-items&sr=1-4#customerReviews,ちいかわ なんか小さくてかわいいやつ(2) (ワイドKC) コミック – 2021/8/23
B09JNRGQSJ,,9.3,https://www.amazon.com/%E3%83%A9%E3%82%B3%E3%83%8B%E3%83%83%E3%82%AF-%E3%82%B9%E3%82%BF%E3%82%A4%E3%83%AB%E3%83%8E%E3%83%BC%E3%83%88-A5-ToDo%E3%83%AA%E3%82%B9%E3%83%88-LGF07-36/dp/B09JNRGQSJ/ref=sr_1_5?dib=eyJ2IjoiMSJ9.Ol2S-_m1FH9d9vMWt3ginYA6urC8d6Nc7IRDmfqXQE2fIWTg45pJRZH_gRHbNL1-67ZK3iJXg4FXYySr9NHRZXmGrnK6UqhCviuJw5bNKqiqoALhKl8GMIwCiQfcv9dYiGGgH_2bv4mrhoMYceAidMQ26uxrRz-RaRnPEcYWfUNKkXwyQKfvrBOjGv4TxBIUotwI0zvCy8sFv-k0RMiyq2XMmyJErRaeEawjIAHJ0hQ.HUocS4NzqL8tHHUMTjpnS1nV5wdiKdUF4wru_UbxSIk&dib_tag=se&m=AY7ME5GEW4KDZ&marketplaceID=ATVPDKIKX0DER&qid=1759567001&refinements=p_36%3A0-1000&refresh=1&s=merchant-items&sr=1-5#customerReviews,LGF07-36 Style Notebook A5 Todo List
B097H4BQDP,,10.0,https://www.amazon.com/ensky-23395-Pikmin-pukupuku-Sticker/dp/B097H4BQDP/ref=sr_1_6?dib=eyJ2IjoiMSJ9.Ol2S-_m1FH9d9vMWt3ginYA6urC8d6Nc7IRDmfqXQE2fIWTg45pJRZH_gRHbNL1-67ZK3iJXg4FXYySr9NHRZXmGrnK6UqhCviuJw5bNKqiqoALhKl8GMIwCiQfcv9dYiGGgH_2bv4mrhoMYceAidMQ26uxrRz-RaRnPEcYWfUNKkXwyQKfvrBOjGv4TxBIUotwI0zvCy8sFv-k0RMiyq2XMmyJErRaeEawjIAHJ0hQ.HUocS4NzqL8tHHUMTjpnS1nV5wdiKdUF4wru_UbxSIk&dib_tag=se&m=AY7ME5GEW4KDZ&marketplaceID=ATVPDKIKX0DER&qid=1759567001&refinements=p_36%3A0-1000&refresh=1&s=merchant-items&sr=1-6#customerReviews,Pikmin 3 pukupuku Sticker
B09MF5P4YS,,9.8,https://www.amazon.com/Pentel-AMZ-BXA107ST-Oil-based-Ballpoint-Calme/dp/B09MF5P4YS/ref=sr_1_7?dib=eyJ2IjoiMSJ9.Ol2S-_m1FH9d9vMWt3ginYA6urC8d6Nc7IRDmfqXQE2fIWTg45pJRZH_gRHbNL1-67ZK3iJXg4FXYySr9NHRZXmGrnK6UqhCviuJw5bNKqiqoALhKl8GMIwCiQfcv9dYiGGgH_2bv4mrhoMYceAidMQ26uxrRz-RaRnPEcYWfUNKkXwyQKfvrBOjGv4TxBIUotwI0zvCy8sFv-k0RMiyq2XMmyJErRaeEawjIAHJ0hQ.HUocS4NzqL8tHHUMTjpnS1nV5wdiKdUF4wru_UbxSIk&dib_tag=se&m=AY7ME5GEW4KDZ&marketplaceID=ATVPDKIKX0DER&qid=1759567001&refinements=p_36%3A0-1000&refresh=1&s=merchant-items&sr=1-7#customerReviews,"Pentel AMZ-BXA107ST Oil-based Ballpoint Pen, Set of 3, Calme 0.7 mm, Black Ink"
B005HAP1VQ,,4.98,https://www.amazon.com/MITSUBISHI-1100A141-GENUINE-ORIGINAL-CRANKSHAFT/dp/B005HAP1VQ/ref=sr_1_8?dib=eyJ2IjoiMSJ9.Ol2S-_m1FH9d9vMWt3ginYA6urC8d6Nc7IRDmfqXQE2fIWTg45pJRZH_gRHbNL1-67ZK3iJXg4FXYySr9NHRZXmGrnK6UqhCviuJw5bNKqiqoALhKl8GMIwCiQfcv9dYiGGgH_2bv4mrhoMYceAidMQ26uxrRz-RaRnPEcYWfUNKkXwyQKfvrBOjGv4TxBIUotwI0zvCy8sFv-k0RMiyq2XMmyJErRaeEawjIAHJ0hQ.HUocS4NzqL8tHHUMTjpnS1nV5wdiKdUF4wru_UbxSIk&dib_tag=se&m=AY7ME5GEW4KDZ&marketplaceID=ATVPDKIKX0DER&qid=1759567001&refinements=p_36%3A0-1000&refresh=1&s=merchant-items&sr=1-8#customerReviews,MITSUBISHI 1100A141 GENUINE OEM FACTORY ORIGINAL CRANKSHAFT PULLEY BOLT
B000X4KUBC,,6.67,https://www.amazon.com/S-Engines-24981837-Ring-Needle/dp/B000X4KUBC/ref=sr_1_9?dib=eyJ2IjoiMSJ9.Ol2S-_m1FH9d9vMWt3ginYA6urC8d6Nc7IRDmfqXQE2fIWTg45pJRZH_gRHbNL1-67ZK3iJXg4FXYySr9NHRZXmGrnK6UqhCviuJw5bNKqiqoALhKl8GMIwCiQfcv9dYiGGgH_2bv4mrhoMYceAidMQ26uxrRz-RaRnPEcYWfUNKkXwyQKfvrBOjGv4TxBIUotwI0zvCy8sFv-k0RMiyq2XMmyJErRaeEawjIAHJ0hQ.HUocS4NzqL8tHHUMTjpnS1nV5wdiKdUF4wru_UbxSIk&dib_tag=se&m=AY7ME5GEW4KDZ&marketplaceID=ATVPDKIKX0DER&qid=1759567001&refinements=p_36%3A0-1000&refresh=1&s=merchant-items&sr=1-9#customerReviews,O.S. Engines 24981837 FS/FX/LA O-Ring Needle
B0040QD2LO,,9.99,https://www.amazon.com/Aluminum-Turnbuckle-Shaft-3x23mm-Tamiya/dp/B0040QD2LO/ref=sr_1_10?dib=eyJ2IjoiMSJ9.Ol2S-_m1FH9d9vMWt3ginYA6urC8d6Nc7IRDmfqXQE2fIWTg45pJRZH_gRHbNL1-67ZK3iJXg4FXYySr9NHRZXmGrnK6UqhCviuJw5bNKqiqoALhKl8GMIwCiQfcv9dYiGGgH_2bv4mrhoMYceAidMQ26uxrRz-RaRnPEcYWfUNKkXwyQKfvrBOjGv4TxBIUotwI0zvCy8sFv-k0RMiyq2XMmyJErRaeEawjIAHJ0hQ.HUocS4NzqL8tHHUMTjpnS1nV5wdiKdUF4wru_UbxSIk&dib_tag=se&m=AY7ME5GEW4KDZ&marketplaceID=ATVPDKIKX0DER&qid=1759567001&refinements=p_36%3A0-1000&refresh=1&s=merchant-items&sr=1-10#customerReviews,Aluminum Turnbuckle Shaft - 3x23mm (2pcs) / Tamiya / 54248
B0D2WWQGSW,,9.0,https://www.amazon.com/Pokemon-Scarlet-Generations-Starter-Japanese/dp/B0D2WWQGSW/ref=sr_1_11?dib=eyJ2IjoiMSJ9.Ol2S-_m1FH9d9vMWt3ginYA6urC8d6Nc7IRDmfqXQE2fIWTg45pJRZH_gRHbNL1-67ZK3iJXg4FXYySr9NHRZXmGrnK6UqhCviuJw5bNKqiqoALhKl8GMIwCiQfcv9dYiGGgH_2bv4mrhoMYceAidMQ26uxrRz-RaRnPEcYWfUNKkXwyQKfvrBOjGv4TxBIUotwI0zvCy8sFv-k0RMiyq2XMmyJErRaeEawjIAHJ0hQ.HUocS4NzqL8tHHUMTjpnS1nV5wdiKdUF4wru_UbxSIk&dib_tag=se&m=AY7ME5GEW4KDZ&marketplaceID=ATVPDKIKX0DER&qid=1759567001&refinements=p_36%3A0-1000&refresh=1&s=merchant-items&sr=1-11#customerReviews,Pokemon Card Game Scarlet and Violet Generations Starter Deck Xerneas ex & Noivern ex (Japanese) - 60 Cards
B000AR65TS,,6.29,https://www.amazon.com/Decoy-Egg-Snap-90lb-7pcs/dp/B000AR65TS/ref=sr_1_12?dib=eyJ2IjoiMSJ9.Ol2S-_m1FH9d9vMWt3ginYA6urC8d6Nc7IRDmfqXQE2fIWTg45pJRZH_gRHbNL1-67ZK3iJXg4FXYySr9NHRZXmGrnK6UqhCviuJw5bNKqiqoALhKl8GMIwCiQfcv9dYiGGgH_2bv4mrhoMYceAidMQ26uxrRz-RaRnPEcYWfUNKkXwyQKfvrBOjGv4TxBIUotwI0zvCy8sFv-k0RMiyq2XMmyJErRaeEawjIAHJ0hQ.HUocS4NzqL8tHHUMTjpnS1nV5wdiKdUF4wru_UbxSIk&dib_tag=se&m=AY7ME5GEW4KDZ&marketplaceID=ATVPDKIKX0DER&qid=1759567001&refinements=p_36%3A0-1000&refresh=1&s=merchant-items&sr=1-12#customerReviews,カツイチ(KATSUICHI) デコイ エッグスナップ
B00061HAYC,,8.3,https://www.amazon.com/53042-Ball-Diff-Grease-Set/dp/B00061HAYC/ref=sr_1_13?dib=eyJ2IjoiMSJ9.Ol2S-_m1FH9d9vMWt3ginYA6urC8d6Nc7IRDmfqXQE2fIWTg45pJRZH_gRHbNL1-67ZK3iJXg4FXYySr9NHRZXmGrnK6UqhCviuJw5bNKqiqoALhKl8GMIwCiQfcv9dYiGGgH_2bv4mrhoMYceAidMQ26uxrRz-RaRnPEcYWfUNKkXwyQKfvrBOjGv4TxBIUotwI0zvCy8sFv-k0RMiyq2XMmyJErRaeEawjIAHJ0hQ.HUocS4NzqL8tHHUMTjpnS1nV5wdiKdUF4wru_UbxSIk&dib_tag=se&m=AY7ME5GEW4KDZ&marketplaceID=ATVPDKIKX0DER&qid=1759567001&refinements=p_36%3A0-1000&refresh=1&s=merchant-items&sr=1-13#customerReviews,"Tamiya 300053042 Ball Differential Lubricant, 10 g"
B0CTT4L7ZQ,,9.6,https://www.amazon.com/Kamio-Japan-217157-Pokemon-Ballpoint/dp/B0CTT4L7ZQ/ref=sr_1_14?dib=eyJ2IjoiMSJ9.Ol2S-_m1FH9d9vMWt3ginYA6urC8d6Nc7IRDmfqXQE2fIWTg45pJRZH_gRHbNL1-67ZK3iJXg4FXYySr9NHRZXmGrnK6UqhCviuJw5bNKqiqoALhKl8GMIwCiQfcv9dYiGGgH_2bv4mrhoMYceAidMQ26uxrRz-RaRnPEcYWfUNKkXwyQKfvrBOjGv4TxBIUotwI0zvCy8sFv-k0RMiyq2XMmyJErRaeEawjIAHJ0hQ.HUocS4NzqL8tHHUMTjpnS1nV5wdiKdUF4wru_UbxSIk&dib_tag=se&m=AY7ME5GEW4KDZ&marketplaceID=ATVPDKIKX0DER&qid=1759567001&refinements=p_36%3A0-1000&refresh=1&s=merchant-items&sr=1-14#customerReviews,"カミオジャパン(Kamiojapan) Kamio Japan 217157 Pokemon Pikachu EnerGel Ink Ballpoint Pen, 0.5, Black, Aligned"
B00N3MZJTY,,8.99,https://www.amazon.com/HAKKO-Protective-B3730-Soldering-Japan/dp/B00N3MZJTY/ref=sr_1_15?dib=eyJ2IjoiMSJ9.Ol2S-_m1FH9d9vMWt3ginYA6urC8d6Nc7IRDmfqXQE2fIWTg45pJRZH_gRHbNL1-67ZK3iJXg4FXYySr9NHRZXmGrnK6UqhCviuJw5bNKqiqoALhKl8GMIwCiQfcv9dYiGGgH_2bv4mrhoMYceAidMQ26uxrRz-RaRnPEcYWfUNKkXwyQKfvrBOjGv4TxBIUotwI0zvCy8sFv-k0RMiyq2XMmyJErRaeEawjIAHJ0hQ.HUocS4NzqL8tHHUMTjpnS1nV5wdiKdUF4wru_UbxSIk&dib_tag=se&m=AY7ME5GEW4KDZ&marketplaceID=ATVPDKIKX0DER&qid=1759567001&refinements=p_36%3A0-1000&refresh=1&s=merchant-items&sr=1-15#customerReviews,"HAKKO Cap nut, Protective Pipe Set B3730 Soldering Iron tip (Japan Import)"
B00GFI2KH2,,9.71,https://www.amazon.com/Genuine-Toyota-90311-48014-Type-T-Crankshaft/dp/B00GFI2KH2/ref=sr_1_16?dib=eyJ2IjoiMSJ9.Ol2S-_m1FH9d9vMWt3ginYA6urC8d6Nc7IRDmfqXQE2fIWTg45pJRZH_gRHbNL1-67ZK3iJXg4FXYySr9NHRZXmGrnK6UqhCviuJw5bNKqiqoALhKl8GMIwCiQfcv9dYiGGgH_2bv4mrhoMYceAidMQ26uxrRz-RaRnPEcYWfUNKkXwyQKfvrBOjGv4TxBIUotwI0zvCy8sFv-k0RMiyq2XMmyJErRaeEawjIAHJ0hQ.HUocS4NzqL8tHHUMTjpnS1nV5wdiKdUF4wru_UbxSIk&dib_tag=se&m=AY7ME5GEW4KDZ&marketplaceID=ATVPDKIKX0DER&qid=1759567001&refinements=p_36%3A0-1000&refresh=1&s=merchant-items&sr=1-16#customerReviews,Genuine Toyota 90311-48014 Type-T Crankshaft Oil Seal
B00KTIM93O,,8.0,https://www.amazon.com/Toyota-90430-16016-Engine-Cooler-Gasket/dp/B00KTIM93O/ref=sr_1_17?dib=eyJ2IjoiMSJ9.xbwHgJncxo3Lwu44SrBqKS8nLzMNeQP6QbvRoBJhIiqL1Q3plvWeOA6SwI4l05ru_gBN6b4VDZrbatp3L3U-fCfTt8_ymmPf2ZVlB6VeTbTxG9d2wR-aaXD9Lnj8GJm80HOS8nQIZkZjstsKl4bs5Zgomn1ppYbmqrk_DyrJdRrXdE3FIzbvKi4k4WXfJmTxqQbdaRNKtd3Ml-UoGlZ0exYtF6p8Vi8QIuZ4DIdf-A0.O6-1etefDER-h1RgpacmP06A8-qj-5hHcJ4lB4w9fDY&dib_tag=se&m=AY7ME5GEW4KDZ&marketplaceID=ATVPDKIKX0DER&qid=1759567006&refinements=p_36%3A0-1000&refresh=1&s=merchant-items&sr=1-17&xpid=kRmiSwIXiGwD5#customerReviews,TOYOTA 90430-16016 Gasket
B08VXDJSZL,,9.2,https://www.amazon.com/Daruma-Yokota-Sashiko-01-8863-Threader/dp/B08VXDJSZL/ref=sr_1_18?dib=eyJ2IjoiMSJ9.xbwHgJncxo3Lwu44SrBqKS8nLzMNeQP6QbvRoBJhIiqL1Q3plvWeOA6SwI4l05ru_gBN6b4VDZrbatp3L3U-fCfTt8_ymmPf2ZVlB6VeTbTxG9d2wR-aaXD9Lnj8GJm80HOS8nQIZkZjstsKl4bs5Zgomn1ppYbmqrk_DyrJdRrXdE3FIzbvKi4k4WXfJmTxqQbdaRNKtd3Ml-UoGlZ0exYtF6p8Vi8QIuZ4DIdf-A0.O6-1etefDER-h1RgpacmP06A8-qj-5hHcJ4lB4w9fDY&dib_tag=se&m=AY7ME5GEW4KDZ&marketplaceID=ATVPDKIKX0DER&qid=1759567006&refinements=p_36%3A0-1000&refresh=1&s=merchant-items&sr=1-18&xpid=kRmiSwIXiGwD5#customerReviews,01-8863 Sashimi Needle Long Type
B00IB1PPIM,,9.8,https://www.amazon.com/Genuine-Honda-90001-S10-A00-Bolt-Washer/dp/B00IB1PPIM/ref=sr_1_19?dib=eyJ2IjoiMSJ9.xbwHgJncxo3Lwu44SrBqKS8nLzMNeQP6QbvRoBJhIiqL1Q3plvWeOA6SwI4l05ru_gBN6b4VDZrbatp3L3U-fCfTt8_ymmPf2ZVlB6VeTbTxG9d2wR-aaXD9Lnj8GJm80HOS8nQIZkZjstsKl4bs5Zgomn1ppYbmqrk_DyrJdRrXdE3FIzbvKi4k4WXfJmTxqQbdaRNKtd3Ml-UoGlZ0exYtF6p8Vi8QIuZ4DIdf-A0.O6-1etefDER-h1RgpacmP06A8-qj-5hHcJ4lB4w9fDY&dib_tag=se&m=AY7ME5GEW4KDZ&marketplaceID=ATVPDKIKX0DER&qid=1759567006&refinements=p_36%3A0-1000&refresh=1&s=merchant-items&sr=1-19&xpid=kRmiSwIXiGwD5#customerReviews,Genuine Honda 90001-S10-A00 Bolt and Washer
B00KWDQWT8,,8.0,https://www.amazon.com/Lexus-90301-31014-Trans-Filter-Gasket/dp/B00KWDQWT8/ref=sr_1_20?dib=eyJ2IjoiMSJ9.xbwHgJncxo3Lwu44SrBqKS8nLzMNeQP6QbvRoBJhIiqL1Q3plvWeOA6SwI4l05ru_gBN6b4VDZrbatp3L3U-fCfTt8_ymmPf2ZVlB6VeTbTxG9d2wR-aaXD9Lnj8GJm80HOS8nQIZkZjstsKl4bs5Zgomn1ppYbmqrk_DyrJdRrXdE3FIzbvKi4k4WXfJmTxqQbdaRNKtd3Ml-UoGlZ0exYtF6p8Vi8QIuZ4DIdf-A0.O6-1etefDER-h1RgpacmP06A8-qj-5hHcJ4lB4w9fDY&dib_tag=se&m=AY7ME5GEW4KDZ&marketplaceID=ATVPDKIKX0DER&qid=1759567006&refinements=p_36%3A0-1000&refresh=1&s=merchant-items&sr=1-20&xpid=kRmiSwIXiGwD5#customerReviews,"Lexus 90301-31014, Auto Trans Filter Gasket"
B00ECR1UVK,,9.99,https://www.amazon.com/White-Whitewings-Racer-SKYCUB3-AOZORA/dp/B00ECR1UVK/ref=sr_1_21?dib=eyJ2IjoiMSJ9.xbwHgJncxo3Lwu44SrBqKS8nLzMNeQP6QbvRoBJhIiqL1Q3plvWeOA6SwI4l05ru_gBN6b4VDZrbatp3L3U-fCfTt8_ymmPf2ZVlB6VeTbTxG9d2wR-aaXD9Lnj8GJm80HOS8nQIZkZjstsKl4bs5Zgomn1ppYbmqrk_DyrJdRrXdE3FIzbvKi4k4WXfJmTxqQbdaRNKtd3Ml-UoGlZ0exYtF6p8Vi8QIuZ4DIdf-A0.O6-1etefDER-h1RgpacmP06A8-qj-5hHcJ4lB4w9fDY&dib_tag=se&m=AY7ME5GEW4KDZ&marketplaceID=ATVPDKIKX0DER&qid=1759567006&refinements=p_36%3A0-1000&refresh=1&s=merchant-items&sr=1-21&xpid=kRmiSwIXiGwD5#customerReviews,"Aozora White Wings Racer Sky Cub 3, 1 Unit Set"
B000CR7K18,,9.98,https://www.amazon.com/dress-up-Kisekae-Sylvanian-Families-japan/dp/B000CR7K18/ref=sr_1_22?dib=eyJ2IjoiMSJ9.xbwHgJncxo3Lwu44SrBqKS8nLzMNeQP6QbvRoBJhIiqL1Q3plvWeOA6SwI4l05ru_gBN6b4VDZrbatp3L3U-fCfTt8_ymmPf2ZVlB6VeTbTxG9d2wR-aaXD9Lnj8GJm80HOS8nQIZkZjstsKl4bs5Zgomn1ppYbmqrk_DyrJdRrXdE3FIzbvKi4k4WXfJmTxqQbdaRNKtd3Ml-UoGlZ0exYtF6p8Vi8QIuZ4DIdf-A0.O6-1etefDER-h1RgpacmP06A8-qj-5hHcJ4lB4w9fDY&dib_tag=se&m=AY7ME5GEW4KDZ&marketplaceID=ATVPDKIKX0DER&qid=1759567006&refinements=p_36%3A0-1000&refresh=1&s=merchant-items&sr=1-22&xpid=kRmiSwIXiGwD5#customerReviews,"Sylvanian Families Epoch Sylvanian Families Epoch D-09 ST Mark Certified, for Ages 3 and Up"
B001GCH83S,,8.97,https://www.amazon.com/Decoy-Egg-Snap-60lb-7pcs/dp/B001GCH83S/ref=sr_1_23?dib=eyJ2IjoiMSJ9.xbwHgJncxo3Lwu44SrBqKS8nLzMNeQP6QbvRoBJhIiqL1Q3plvWeOA6SwI4l05ru_gBN6b4VDZrbatp3L3U-fCfTt8_ymmPf2ZVlB6VeTbTxG9d2wR-aaXD9Lnj8GJm80HOS8nQIZkZjstsKl4bs5Zgomn1ppYbmqrk_DyrJdRrXdE3FIzbvKi4k4WXfJmTxqQbdaRNKtd3Ml-UoGlZ0exYtF6p8Vi8QIuZ4DIdf-A0.O6-1etefDER-h1RgpacmP06A8-qj-5hHcJ4lB4w9fDY&dib_tag=se&m=AY7ME5GEW4KDZ&marketplaceID=ATVPDKIKX0DER&qid=1759567006&refinements=p_36%3A0-1000&refresh=1&s=merchant-items&sr=1-23&xpid=kRmiSwIXiGwD5#customerReviews,Decoy. Egg Snap #2 (60lb) 7pcs.
B00I87EKD0,,7.18,https://www.amazon.com/Genuine-Honda-43352-568-003-Bleeder-Screw/dp/B00I87EKD0/ref=sr_1_24?dib=eyJ2IjoiMSJ9.xbwHgJncxo3Lwu44SrBqKS8nLzMNeQP6QbvRoBJhIiqL1Q3plvWeOA6SwI4l05ru_gBN6b4VDZrbatp3L3U-fCfTt8_ymmPf2ZVlB6VeTbTxG9d2wR-aaXD9Lnj8GJm80HOS8nQIZkZjstsKl4bs5Zgomn1ppYbmqrk_DyrJdRrXdE3FIzbvKi4k4WXfJmTxqQbdaRNKtd3Ml-UoGlZ0exYtF6p8Vi8QIuZ4DIdf-A0.O6-1etefDER-h1RgpacmP06A8-qj-5hHcJ4lB4w9fDY&dib_tag=se&m=AY7ME5GEW4KDZ&marketplaceID=ATVPDKIKX0DER&qid=1759567006&refinements=p_36%3A0-1000&refresh=1&s=merchant-items&sr=1-24&xpid=kRmiSwIXiGwD5#customerReviews,Genuine Honda 43352-568-003 Bleeder Screw
B073XSX2WG,,8.9,https://www.amazon.com/Shimano-Unisexs-Y0C698050-Parts-Standard/dp/B073XSX2WG/ref=sr_1_25?dib=eyJ2IjoiMSJ9.xbwHgJncxo3Lwu44SrBqKS8nLzMNeQP6QbvRoBJhIiqL1Q3plvWeOA6SwI4l05ru_gBN6b4VDZrbatp3L3U-fCfTt8_ymmPf2ZVlB6VeTbTxG9d2wR-aaXD9Lnj8GJm80HOS8nQIZkZjstsKl4bs5Zgomn1ppYbmqrk_DyrJdRrXdE3FIzbvKi4k4WXfJmTxqQbdaRNKtd3Ml-UoGlZ0exYtF6p8Vi8QIuZ4DIdf-A0.O6-1etefDER-h1RgpacmP06A8-qj-5hHcJ4lB4w9fDY&dib_tag=se&m=AY7ME5GEW4KDZ&marketplaceID=ATVPDKIKX0DER&qid=1759567006&refinements=p_36%3A0-1000&refresh=1&s=merchant-items&sr=1-25&xpid=kRmiSwIXiGwD5#customerReviews,"Shimano Unisex's Y0C698050 Bike Parts, Standard, One"
B007Y5HL6U,,8.86,https://www.amazon.com/Karcher-2-880-990-0-O-Ring-Set-5-Pack/dp/B007Y5HL6U/ref=sr_1_26?dib=eyJ2IjoiMSJ9.xbwHgJncxo3Lwu44SrBqKS8nLzMNeQP6QbvRoBJhIiqL1Q3plvWeOA6SwI4l05ru_gBN6b4VDZrbatp3L3U-fCfTt8_ymmPf2ZVlB6VeTbTxG9d2wR-aaXD9Lnj8GJm80HOS8nQIZkZjstsKl4bs5Zgomn1ppYbmqrk_DyrJdRrXdE3FIzbvKi4k4WXfJmTxqQbdaRNKtd3Ml-UoGlZ0exYtF6p8Vi8QIuZ4DIdf-A0.O6-1etefDER-h1RgpacmP06A8-qj-5hHcJ4lB4w9fDY&dib_tag=se&m=AY7ME5GEW4KDZ&marketplaceID=ATVPDKIKX0DER&qid=1759567006&refinements=p_36%3A0-1000&refresh=1&s=merchant-items&sr=1-26&xpid=kRmiSwIXiGwD5#customerReviews,Karcher 2.880-990.0 Pack of 5 Replacement O-Rings
B004J3601W,,6.35,https://www.amazon.com/SHIMANO-Y31414010-Nexus-Cap-Nut/dp/B004J3601W/ref=sr_1_27?dib=eyJ2IjoiMSJ9.xbwHgJncxo3Lwu44SrBqKS8nLzMNeQP6QbvRoBJhIiqL1Q3plvWeOA6SwI4l05ru_gBN6b4VDZrbatp3L3U-fCfTt8_ymmPf2ZVlB6VeTbTxG9d2wR-aaXD9Lnj8GJm80HOS8nQIZkZjstsKl4bs5Zgomn1ppYbmqrk_DyrJdRrXdE3FIzbvKi4k4WXfJmTxqQbdaRNKtd3Ml-UoGlZ0exYtF6p8Vi8QIuZ4DIdf-A0.O6-1etefDER-h1RgpacmP06A8-qj-5hHcJ4lB4w9fDY&dib_tag=se&m=AY7ME5GEW4KDZ&marketplaceID=ATVPDKIKX0DER&qid=1759567006&refinements=p_36%3A0-1000&refresh=1&s=merchant-items&sr=1-27&xpid=kRmiSwIXiGwD5#customerReviews,Shimano Nexus BR-IM40 Cap nut 3/8 inch
B0026IBC24,,8.5,https://www.amazon.com/GP401-Damper-Heavy-Tamiya-Grade/dp/B0026IBC24/ref=sr_1_28?dib=eyJ2IjoiMSJ9.xbwHgJncxo3Lwu44SrBqKS8nLzMNeQP6QbvRoBJhIiqL1Q3plvWeOA6SwI4l05ru_gBN6b4VDZrbatp3L3U-fCfTt8_ymmPf2ZVlB6VeTbTxG9d2wR-aaXD9Lnj8GJm80HOS8nQIZkZjstsKl4bs5Zgomn1ppYbmqrk_DyrJdRrXdE3FIzbvKi4k4WXfJmTxqQbdaRNKtd3Ml-UoGlZ0exYtF6p8Vi8QIuZ4DIdf-A0.O6-1etefDER-h1RgpacmP06A8-qj-5hHcJ4lB4w9fDY&dib_tag=se&m=AY7ME5GEW4KDZ&marketplaceID=ATVPDKIKX0DER&qid=1759567006&refinements=p_36%3A0-1000&refresh=1&s=merchant-items&sr=1-28&xpid=kRmiSwIXiGwD5#customerReviews,GP401 Mass Damper Set(Heavy) (Mini 4WD) Tamiya Grade Up Parts
B08XZDMNVC,,8.8,https://www.amazon.com/Gundam-Marker-Pouring-Pen-Black/dp/B08XZDMNVC/ref=sr_1_29?dib=eyJ2IjoiMSJ9.xbwHgJncxo3Lwu44SrBqKS8nLzMNeQP6QbvRoBJhIiqL1Q3plvWeOA6SwI4l05ru_gBN6b4VDZrbatp3L3U-fCfTt8_ymmPf2ZVlB6VeTbTxG9d2wR-aaXD9Lnj8GJm80HOS8nQIZkZjstsKl4bs5Zgomn1ppYbmqrk_DyrJdRrXdE3FIzbvKi4k4WXfJmTxqQbdaRNKtd3Ml-UoGlZ0exYtF6p8Vi8QIuZ4DIdf-A0.O6-1etefDER-h1RgpacmP06A8-qj-5hHcJ4lB4w9fDY&dib_tag=se&m=AY7ME5GEW4KDZ&marketplaceID=ATVPDKIKX0DER&qid=1759567006&refinements=p_36%3A0-1000&refresh=1&s=merchant-items&sr=1-29&xpid=kRmiSwIXiGwD5#customerReviews,"GSI Creos Gundam Marker, Black, Pouring Sumi Pen, GM301"
B0BS8ML1D1,,9.99,https://www.amazon.com/Bandai-Dragon-Heroes-Starter-Battle/dp/B0BS8ML1D1/ref=sr_1_30?dib=eyJ2IjoiMSJ9.xbwHgJncxo3Lwu44SrBqKS8nLzMNeQP6QbvRoBJhIiqL1Q3plvWeOA6SwI4l05ru_gBN6b4VDZrbatp3L3U-fCfTt8_ymmPf2ZVlB6VeTbTxG9d2wR-aaXD9Lnj8GJm80HOS8nQIZkZjstsKl4bs5Zgomn1ppYbmqrk_DyrJdRrXdE3FIzbvKi4k4WXfJmTxqQbdaRNKtd3Ml-UoGlZ0exYtF6p8Vi8QIuZ4DIdf-A0.O6-1etefDER-h1RgpacmP06A8-qj-5hHcJ4lB4w9fDY&dib_tag=se&m=AY7ME5GEW4KDZ&marketplaceID=ATVPDKIKX0DER&qid=1759567006&refinements=p_36%3A0-1000&refresh=1&s=merchant-items&sr=1-30&xpid=kRmiSwIXiGwD5#customerReviews,Bandai Super Dragon Ball Heroes Starter Pack Namek Star Battle
